brand,sub-brand,Color,year,milage,Specs,no. of cylinders,overall-inc,price,brand_weight,sub_brand_weight
Audi,A4,White,2015.0,125000.0,GCC,4.0,4.2,40000.0,17,2
Mercedes,C230,Silver,2008.0,193000.0,GCC,4.0,4.2,23000.0,26,2
Volkswagen,Passat 2.5L,White,2013.0,145000.0,GCC,5.0,4.0,22000.0,4,2
Infiniti,QX70,White,2014.0,111900.0,GCC,6.0,4.0,63000.0,20,3
Mercedes,S500,White,2015.0,47000.0,GCC,8.0,4.6,275500.0,26,5
Volvo,S90 T5,Blue,2017.0,16700.0,GCC,4.0,4.9,108000.0,10,4
Chevrolet,Tahoe,White,2010.0,190000.0,GCC,8.0,4.6,42000.0,7,3
Porsche,Cayenne,Gold,2009.0,92000.0,GCC,6.0,3.9,41000.0,29,1
BMW,X5 50i,Brown,2014.0,81000.0,GCC,8.0,4.6,122000.0,25,5
Nissan,Altima 2.5L,Grey,2015.0,48500.0,GCC,4.0,3.9,42500.0,13,2
Chevrolet,Epica,Silver,2008.0,191000.0,GCC,6.0,3.5,8000.0,7,1
Toyota,Camry SE,Grey,2015.0,84000.0,GCC,4.0,3.4,41000.0,15,2
Honda,Accord,Black,2016.0,45000.0,GCC,6.0,4.8,65000.0,9,2
Audi,A7 50TFSI S-Line,Blue,2014.0,89000.0,GCC,6.0,4.2,85000.0,17,4
Jeep,Wrangler SAHARA,Grey,2017.0,30500.0,GCC,6.0,4.8,108150.0,21,4
Audi,A3 40TFSI,Silver,2015.0,78500.0,GCC,4.0,4.6,57000.0,17,3
Audi,A6,White,2015.0,95000.0,GCC,4.0,3.6,54000.0,17,3
Chevrolet,Silverado LT 5.3L,White,2018.0,34000.0,GCC,8.0,5.0,109000.0,7,4
Ford,Escape,Blue,2016.0,92000.0,GCC,4.0,4.2,45000.0,12,3
Honda,Pilot,Silver,2016.0,37000.0,GCC,6.0,4.1,99000.0,9,4
Audi,A3,Red,2016.0,18000.0,GCC,4.0,4.8,70000.0,17,3
Ford,Escape XLT,Black,2012.0,103500.0,GCC,6.0,4.0,22000.0,12,2
Toyota,Land Cruiser GXR 5.7L V8,Black,2015.0,86000.0,GCC,8.0,4.8,153000.0,15,5
Porsche,Panamera Turbo 4.8L V8,White,2010.0,188600.0,GCC,6.0,4.4,75000.0,29,2
Jeep,Patriot,Blue,2010.0,105000.0,GCC,4.0,3.4,16000.0,21,1
Ford,Expedition,Red,2016.0,13800.0,GCC,6.0,4.3,115000.0,12,3
Ford,F150 Raptor,Grey,2018.0,50000.0,GCC,6.0,4.8,268000.0,12,5
Hyundai,Tucson,Black,2012.0,117000.0,GCC,4.0,4.3,21000.0,8,2
Chevrolet,Cruze,Red,2013.0,92000.0,GCC,4.0,4.2,21000.0,7,2
Ford,Mustang,Black,2012.0,75000.0,Canadian,8.0,4.0,25000.0,12,2
Audi,A3 30TFSI,Silver,2016.0,118500.0,GCC,4.0,3.9,48000.0,17,2
Ford,F150 FX4,Blue,2014.0,32000.0,GCC,8.0,4.2,80000.0,12,3
Hyundai,Genesis 3.8L,White,2017.0,20000.0,GCC,6.0,4.5,135000.0,8,4
Chevrolet,Epica,White,2009.0,125500.0,GCC,6.0,4.2,8000.0,7,1
Dodge,Charger,Red,2014.0,40000.0,GCC,8.0,5.0,70000.0,11,4
Mercedes,C200 AMG,Black,2018.0,17500.0,GCC,4.0,5.0,147000.0,26,4
Ford,Explorer,Green,2016.0,82000.0,GCC,6.0,4.6,85000.0,12,3
Chevrolet,Camaro RS,Yellow,2014.0,176000.0,GCC,6.0,3.8,50000.0,7,4
Ford,Explorer,White,2012.0,182000.0,GCC,6.0,4.4,30000.0,12,3
Chevrolet,Cruze,White,2016.0,80000.0,GCC,4.0,4.1,24000.0,7,2
Nissan,Sentra 1.6L,Silver,2015.0,89000.0,GCC,4.0,4.3,25000.0,13,2
Renault,Captur,Black,2015.0,70000.0,GCC,4.0,4.6,27000.0,2,4
Ford,Explorer XLT,White,2008.0,164000.0,GCC,6.0,4.2,14000.0,12,3
BMW,528 i,Black,2014.0,125000.0,GCC,4.0,4.0,68000.0,25,2
Nissan,Maxima,Grey,2014.0,112000.0,GCC,6.0,4.3,45000.0,13,2
Bmw,Z4 20i,White,2014.0,68000.0,GCC,4.0,4.6,72000.0,22,3
Mitsubishi,Lancer Fortis,White,2014.0,141500.0,GCC,4.0,4.6,17000.0,6,2
Toyota,Sequoia VXR 5.7L V8,Burgundy,2015.0,96000.0,GCC,8.0,4.9,99000.0,15,4
Audi,Q5,Blue,2016.0,56000.0,GCC,4.0,4.1,82500.0,17,3
Toyota,FJ Cruiser,White,2017.0,25000.0,GCC,6.0,5.0,108000.0,15,4
BMW,X5 35i,Grey,2018.0,16000.0,GCC,6.0,4.9,165000.0,25,5
Jaguar,XK,Black,2009.0,179000.0,GCC,8.0,4.0,32000.0,19,2
Porsche,Cayenne S,Black,2016.0,62000.0,GCC,6.0,4.0,223000.0,29,2
BMW,640,Black,2015.0,19400.0,GCC,6.0,4.9,160000.0,25,4
Dodge,Caravan Grand,Grey,2014.0,95000.0,American,6.0,3.5,20000.0,11,2
Infiniti,QX60,White,2014.0,114000.0,GCC,6.0,4.6,80000.0,20,4
Hyundai,Veloster,White,2017.0,71000.0,GCC,4.0,4.2,52000.0,8,3
Toyota,Camry,White,2009.0,140000.0,GCC,4.0,3.3,14000.0,15,2
Nissan,X-Trail 2.5L,Red,2009.0,168500.0,GCC,4.0,3.8,15000.0,13,3
Volkswagen,Passat,Grey,2014.0,67000.0,GCC,5.0,4.3,35000.0,4,3
Toyota,Camry SE Plus,Grey,2013.0,183000.0,GCC,4.0,3.9,27100.0,15,2
Porsche,Panamera 4,White,2012.0,75500.0,GCC,8.0,4.0,90000.0,29,4
Ford,Fusion,Black,2012.0,122000.0,GCC,4.0,4.6,17000.0,12,2
Mitsubishi,Pajero GLS,White,2012.0,125000.0,GCC,6.0,4.5,35100.0,6,4
Nissan,Altima,Silver,2016.0,82000.0,GCC,4.0,4.2,39999.0,13,2
Audi,S6,White,2014.0,105000.0,GCC,8.0,4.6,84000.0,17,4
Nissan,Armada LE,Brown,2013.0,103410.0,GCC,8.0,4.2,50000.0,13,3
Kia,Soul 1.6L,Red,2016.0,30500.0,GCC,4.0,4.1,31000.0,3,2
Infiniti,QX50,Burgundy,2015.0,21500.0,GCC,6.0,4.2,77500.0,20,3
Audi,Q7,Grey,2009.0,151500.0,GCC,6.0,4.3,25000.0,17,3
Hyundai,Elantra 1.6L,Grey,2018.0,6000.0,GCC,4.0,5.0,40000.0,8,3
Bmw,650 M,Black,2015.0,102000.0,GCC,8.0,3.6,140000.0,22,4
Audi,A3 30 TFSI,Blue,2015.0,139500.0,GCC,4.0,3.8,49000.0,17,3
Hyundai,Sonata,White,2016.0,120000.0,GCC,4.0,4.6,43000.0,8,3
Jeep,Wrangler 3.6L,Blue,2017.0,20000.0,GCC,6.0,4.0,155000.0,21,5
Mazda,CX-9,Grey,2013.0,93500.0,GCC,6.0,4.4,61000.0,5,4
Toyota,Land Cruiser VXR 5.7L V8,White,2014.0,101000.0,GCC,8.0,4.3,155000.0,15,5
Chevrolet,Traverse LTZ,White,2011.0,148700.0,GCC,6.0,4.0,27500.0,7,3
Mazda,CX-9,Grey,2016.0,100000.0,GCC,6.0,4.8,55000.0,5,4
Volkswagen,Golf GTI,Red,2014.0,90000.0,GCC,4.0,3.5,48000.0,4,3
BMW,640,Silver,2013.0,120000.0,GCC,6.0,5.0,95000.0,25,4
Maserati,Granturismo,Black,2010.0,97000.0,GCC,8.0,4.5,100000.0,28,2
BMW,M2,Black,2017.0,42000.0,GCC,6.0,5.0,183000.0,25,4
Audi,A6 35 TFSI,Black,2015.0,136500.0,GCC,4.0,4.6,47500.0,17,3
Lexus,GX460,Silver,2012.0,173000.0,GCC,8.0,4.4,85000.0,24,3
Mitsubishi,Pajero,Black,2015.0,35000.0,GCC,6.0,5.0,60000.0,6,5
Porsche,Cayman S,White,2015.0,66000.0,GCC,6.0,4.6,153000.0,29,4
Mitsubishi,Pajero GLS 3.5L,Black,2013.0,84000.0,GCC,6.0,4.0,47000.0,6,4
Mitsubishi,Pajero,Black,2017.0,27000.0,GCC,6.0,4.7,72000.0,6,5
Porsche,Cayman GTS,Grey,2015.0,77000.0,GCC,6.0,4.9,153000.0,29,4
Mercedes,S350,Black,2008.0,104000.0,Japanese,6.0,4.1,34000.0,26,2
GMC,Yukon,Purple,2016.0,50000.0,GCC,8.0,4.8,140000.0,18,5
Porsche,Cayenne GTS,Gold,2016.0,35000.0,GCC,6.0,4.3,220000.0,29,4
Honda,Pilot Touring,Burgundy,2017.0,55200.0,GCC,6.0,4.6,125000.0,9,5
Mercedes,GLE43 AMG,Black,2017.0,124000.0,GCC,6.0,4.5,250000.0,26,5
Mazda,6,Grey,2017.0,25000.0,GCC,4.0,4.3,71000.0,5,5
Audi,Q5 40TFSI,Black,2015.0,109500.0,GCC,4.0,4.3,60500.0,17,3
Mercedes,C200 2.0L,Silver,2008.0,143700.0,GCC,4.0,4.0,21000.0,26,1
Dodge,Charger SXT 3.6L,Black,2016.0,73000.0,GCC,6.0,4.3,69000.0,11,4
BMW,325,Black,2008.0,124000.0,GCC,6.0,4.1,25000.0,25,2
Mercedes,C63 AMG S Edition 1,Grey,2017.0,28000.0,GCC,8.0,4.2,289500.0,26,5
Mercedes,GLK350,Black,2009.0,151000.0,GCC,6.0,4.4,32000.0,26,2
Audi,Q5 2.0T,Grey,2010.0,92500.0,GCC,4.0,4.5,29000.0,17,2
Toyota,Zelas,Red,2014.0,198000.0,GCC,4.0,4.6,27000.0,15,2
Infiniti,QX70 5.0L Sport Luxury,Silver,2016.0,7000.0,GCC,8.0,5.0,134000.0,20,5
Jeep,Grand Cherokee,Red,2017.0,40000.0,GCC,6.0,4.6,130000.0,21,4
BMW,420,Blue,2014.0,74000.0,GCC,4.0,4.1,69900.0,25,3
Mazda,CX-9 3.7L,Grey,2011.0,146500.0,GCC,6.0,4.1,35000.0,5,3
Jaguar,XF,White,2011.0,107000.0,GCC,6.0,3.6,28000.0,19,2
BMW,730,Silver,2011.0,112000.0,GCC,6.0,3.5,39000.0,25,2
Kia,Sportage 1.6L,Grey,2017.0,17500.0,GCC,4.0,4.9,60000.0,3,4
Peugeot,508,White,2016.0,73000.0,GCC,4.0,4.3,53000.0,1,5
Ford,Edge Sport,Black,2013.0,135000.0,GCC,6.0,4.6,50000.0,12,3
Audi,A6,Grey,2014.0,116200.0,GCC,4.0,4.5,51000.0,17,3
Ford,EcoSport,Black,2015.0,111500.0,GCC,4.0,4.6,27000.0,12,2
BMW,640 Grand coupe,Red,2014.0,50000.0,GCC,6.0,4.7,125000.0,25,3
Toyota,Camry,White,2013.0,113000.0,GCC,4.0,3.6,22000.0,15,2
Volkswagen,Polo,Silver,2012.0,110000.0,GCC,4.0,3.5,15000.0,4,1
Mazda,3,Silver,2010.0,209500.0,GCC,4.0,3.3,18000.0,5,1
Nissan,Patrol SE,White,2013.0,49000.0,GCC,8.0,4.6,85000.0,13,4
BMW,118,Grey,2013.0,49500.0,GCC,4.0,4.7,41000.0,25,2
Mercedes,A250,White,2015.0,40500.0,GCC,4.0,4.5,77500.0,26,3
Audi,Q5 2.0T,Black,2012.0,145000.0,GCC,4.0,4.2,52500.0,17,2
Mitsubishi,Pajero GLS 3.8L,Grey,2016.0,111000.0,GCC,6.0,5.0,55000.0,6,4
Ford,Taurus SHO,Silver,2015.0,22100.0,GCC,6.0,4.6,90000.0,12,4
Range,Vogue SE,Gold,2016.0,54500.0,GCC,8.0,5.0,280000.0,27,5
Mercedes,C200,White,2012.0,102000.0,GCC,4.0,3.8,40000.0,26,3
BMW,428 M kit,White,2016.0,76000.0,GCC,4.0,4.1,120000.0,25,3
Dodge,Charger,Red,2015.0,99000.0,GCC,6.0,4.1,55000.0,11,4
Mitsubishi,Pajero,Gold,2015.0,45500.0,GCC,6.0,4.3,65000.0,6,5
Nissan,Altima SV 2.5L,White,2018.0,8000.0,GCC,4.0,3.9,52625.0,13,3
Jeep,Cherokee,Black,2014.0,39000.0,American,6.0,4.0,67500.0,21,3
Ford,Mustang,Black,2012.0,87614.0,American,6.0,3.6,20000.0,12,2
Audi,A5,Black,2012.0,39500.0,American,4.0,3.8,42500.0,17,3
Nissan,Patrol SE,White,2014.0,130000.0,GCC,8.0,4.6,82000.0,13,4
Mercedes,CLS500,Black,2009.0,165000.0,GCC,8.0,3.3,28000.0,26,2
Nissan,Maxima 3.5L,Silver,2014.0,75300.0,American,6.0,4.1,30000.0,13,2
Audi,A5 Cabriolet,Grey,2010.0,170000.0,GCC,4.0,4.0,31000.0,17,2
Range,Sport Autobiography,White,2015.0,82500.0,GCC,8.0,4.9,260000.0,27,5
Volkswagen,Tiguan,Brown,2013.0,104000.0,GCC,4.0,3.9,33000.0,4,3
Hyundai,Genesis 3.8L,White,2014.0,98000.0,GCC,6.0,4.7,54000.0,8,4
Audi,A8,White,2012.0,159000.0,GCC,8.0,3.8,55000.0,17,2
Jeep,Grand Cherokee,Red,2015.0,33000.0,GCC,8.0,5.0,110000.0,21,4
Dodge,Charger R/T,White,2013.0,95995.0,GCC,8.0,5.0,42500.0,11,4
Dodge,Caliber,Black,2009.0,117000.0,GCC,4.0,4.1,13000.0,11,1
Honda,Accord 2.4L,Silver,2008.0,199500.0,GCC,4.0,4.2,19000.0,9,1
Mercedes,A45 AMG Edition 1,Black,2015.0,77000.0,GCC,4.0,4.7,110000.0,26,4
BMW,328,Silver,2009.0,69593.0,American,6.0,3.8,23500.0,25,1
Ford,Focus,Blue,2010.0,101000.0,GCC,4.0,4.4,14500.0,12,2
Volkswagen,CC,Grey,2015.0,96000.0,GCC,4.0,4.6,50000.0,4,3
Mitsubishi,Lancer EX,Grey,2015.0,31270.0,American,4.0,3.9,47000.0,6,3
MINI,Cooper S,White,2013.0,96000.0,GCC,4.0,4.9,35000.0,14,3
Toyota,RAV 4 VXR,Orange,2015.0,41000.0,GCC,4.0,4.8,69000.0,15,3
Ford,Mustang,Yellow,2016.0,36000.0,American,6.0,3.5,52500.0,12,2
Jaguar,F-Type,White,2016.0,12000.0,GCC,8.0,5.0,265000.0,19,5
Mitsubishi,Pajero GLS 3.8L,Black,2008.0,195000.0,GCC,6.0,3.8,21000.0,6,4
Hyundai,Elantra 1.8L,Black,2016.0,141000.0,GCC,4.0,4.1,27500.0,8,2
Audi,R8,White,2016.0,80000.0,GCC,8.0,4.5,215000.0,17,5
Nissan,Pathfinder,White,2015.0,52500.0,GCC,6.0,4.8,66000.0,13,3
Lexus,ES350,Silver,2009.0,164000.0,GCC,6.0,4.6,33500.0,24,2
BMW,X5 35I,Black,2014.0,123000.0,GCC,6.0,4.7,105000.0,25,3
Jeep,Grand Cherokee,Black,2013.0,144500.0,GCC,6.0,4.3,47000.0,21,4
BMW,X5 50i,Grey,2011.0,181000.0,GCC,8.0,4.1,45000.0,25,5
Nissan,Juke,Blue,2012.0,46000.0,GCC,4.0,4.8,27000.0,13,2
BMW,550 i M Sport,Blue,2012.0,81000.0,Japanese,8.0,4.3,75000.0,25,3
Mercedes,CLS500,Grey,2009.0,119000.0,GCC,8.0,3.9,69000.0,26,2
Mercedes,E300,Black,2010.0,101000.0,GCC,6.0,4.3,53000.0,26,3
Audi,A6,Grey,2016.0,83000.0,GCC,4.0,4.5,78000.0,17,3
Chevrolet,Captiva 2.4L,Grey,2012.0,80000.0,GCC,4.0,3.9,29100.0,7,2
Renault,Duster,White,2014.0,148500.0,GCC,4.0,4.5,19000.0,2,3
Mitsubishi,Pajero GLS 3.8L,Grey,2016.0,27900.0,GCC,6.0,4.3,67000.0,6,4
Toyota,Prius,Grey,2017.0,116000.0,GCC,4.0,4.3,62500.0,15,3
Toyota,Yaris,Gold,2016.0,52000.0,GCC,4.0,4.9,42000.0,15,2
Porsche,Cayenne Turbo,White,2016.0,107000.0,GCC,8.0,4.9,288000.0,29,4
Nissan,X-Trail SL,Red,2015.0,116000.0,GCC,4.0,4.1,44500.0,13,3
Ford,F150 FX4,Black,2014.0,132000.0,GCC,8.0,4.4,64000.0,12,3
Land,LR4,Black,2012.0,103000.0,GCC,8.0,4.3,65700.0,16,3
Mercedes,E300,Silver,2015.0,28000.0,GCC,6.0,4.2,120000.0,26,3
Mitsubishi,Pajero GLS,White,2016.0,72500.0,GCC,6.0,4.1,55500.0,6,4
Nissan,Altima,White,2010.0,97000.0,American,4.0,3.4,11000.0,13,2
Audi,A8,Grey,2010.0,190000.0,GCC,6.0,3.4,22000.0,17,2
GMC,Terrain,Red,2015.0,42500.0,GCC,4.0,4.9,62000.0,18,3
BMW,320,White,2015.0,100000.0,GCC,4.0,4.6,53000.0,25,2
Mercedes,GLK250,Brown,2014.0,69000.0,GCC,6.0,4.4,72000.0,26,3
Porsche,Boxster,Orange,2016.0,82000.0,GCC,6.0,5.0,130000.0,29,3
Volkswagen,Tiguan 2.0L,Black,2015.0,128500.0,GCC,4.0,4.1,42000.0,4,3
Hyundai,Veloster 1.6L,Grey,2017.0,51500.0,GCC,4.0,4.5,52000.0,8,3
Dodge,Challenger R/T,Black,2014.0,23500.0,American,8.0,3.5,35500.0,11,3
Nissan,Altima SL 2.5L,Black,2015.0,18900.0,GCC,4.0,3.8,47500.0,13,3
Honda,Civic 2.0,Black,2017.0,21437.0,American,4.0,4.5,45000.0,9,3
Ford,Fusion 2.0TC SE,Blue,2016.0,94000.0,GCC,4.0,5.0,45000.0,12,3
Dodge,Challenger,Red,2015.0,85625.0,American,6.0,4.4,55000.0,11,4
BMW,535,Black,2015.0,158000.0,GCC,6.0,4.3,90000.0,25,3
Nissan,Maxima,White,2009.0,113000.0,American,6.0,3.3,17000.0,13,2
Nissan,Altima SL,Black,2017.0,55000.0,GCC,4.0,4.6,59000.0,13,3
Honda,Accord,Silver,2009.0,171500.0,GCC,4.0,4.1,13000.0,9,2
Bmw,640,Silver,2015.0,112000.0,GCC,6.0,4.7,133000.0,22,4
Range,Evoque,Grey,2015.0,97000.0,GCC,4.0,4.2,110000.0,27,3
BMW,528,Brown,2012.0,77000.0,GCC,6.0,3.9,53500.0,25,2
Mitsubishi,Pajero GLS 3.5L,Brown,2016.0,34000.0,GCC,6.0,5.0,70000.0,6,4
Kia,Cerato 2.0L,White,2017.0,25500.0,GCC,4.0,4.2,54000.0,3,4
Ford,Expedition,Silver,2012.0,116000.0,GCC,8.0,4.7,53100.0,12,3
Ford,Edge,Blue,2016.0,50000.0,GCC,6.0,4.1,82000.0,12,3
Volkswagen,Jetta,White,2016.0,27000.0,GCC,5.0,4.3,50625.0,4,4
Ford,Explorer XLT,Black,2013.0,97500.0,GCC,6.0,4.7,45000.0,12,3
MINI,Cooper,White,2013.0,116000.0,GCC,4.0,4.3,31000.0,14,2
Chevrolet,Malibu,Black,2012.0,143000.0,GCC,6.0,4.0,21000.0,7,2
Range,Sport,White,2014.0,109000.0,GCC,8.0,4.2,190000.0,27,3
Jeep,Cherokee,Blue,2014.0,105000.0,GCC,6.0,4.9,49100.0,21,3
Ford,Explorer Limited,Grey,2016.0,84000.0,GCC,6.0,4.3,105000.0,12,4
Volkswagen,Golf,White,2015.0,70000.0,GCC,4.0,4.8,45000.0,4,3
Audi,A8,White,2009.0,134000.0,GCC,6.0,4.1,20000.0,17,2
Maserati,Quattroporte S,Gold,2014.0,106000.0,GCC,6.0,4.5,95000.0,28,2
Nissan,Maxima,White,2011.0,149000.0,GCC,6.0,3.5,22000.0,13,2
Land,Discovery Sport,Grey,2016.0,95000.0,GCC,4.0,4.9,99000.0,16,4
Nissan,Armada,Grey,2012.0,88000.0,GCC,8.0,4.3,35000.0,13,2
Infiniti,M37,Black,2012.0,180000.0,GCC,6.0,3.6,30000.0,20,2
Lexus,GX460,White,2015.0,172500.0,GCC,8.0,4.6,98000.0,24,3
Dodge,Neon,Red,2017.0,42000.0,GCC,4.0,5.0,38000.0,11,3
MINI,Cooper,Red,2017.0,96000.0,GCC,3.0,4.6,68000.0,14,2
Ford,Edge,White,2013.0,106500.0,GCC,6.0,4.8,41100.0,12,3
Ford,Explorer,Silver,2014.0,107000.0,GCC,6.0,4.7,60500.0,12,3
Jaguar,F-Type R,White,2015.0,39500.0,GCC,8.0,4.7,165000.0,19,4
Ford,Taurus Limited,Silver,2013.0,64000.0,GCC,6.0,4.6,42000.0,12,3
MINI,Cooper S,Grey,2013.0,158000.0,GCC,4.0,4.0,35000.0,14,3
Mitsubishi,Pajero GLS,Black,2015.0,108000.0,GCC,6.0,4.2,55000.0,6,4
Mercedes,A250 Sport,Grey,2016.0,73000.0,GCC,4.0,4.6,79000.0,26,3
BMW,X6 50i,Silver,2012.0,149500.0,GCC,8.0,4.2,61000.0,25,2
Nissan,Armada SE 5.6L V8,Black,2009.0,137200.0,GCC,8.0,3.4,20000.0,13,2
Nissan,X-Trail,White,2017.0,37000.0,GCC,4.0,5.0,76000.0,13,3
Ford,Figo,Grey,2016.0,38000.0,GCC,4.0,4.9,18000.0,12,2
Mercedes,ML350,Silver,2010.0,126000.0,GCC,6.0,3.8,36000.0,26,3
Ford,Edge,Silver,2014.0,75000.0,GCC,6.0,4.2,50500.0,12,3
Hyundai,Grand Santa Fe,Silver,2016.0,180000.0,GCC,6.0,3.5,70000.0,8,4
GMC,Acadia,Blue,2015.0,109000.0,GCC,6.0,4.0,55000.0,18,3
Volvo,S80 2.5T,Grey,2009.0,185500.0,GCC,5.0,3.8,16000.0,10,1
Kia,Sportage,Red,2008.0,167000.0,GCC,6.0,3.5,11000.0,3,1
Toyota,RAV 4 EX,Silver,2017.0,19000.0,GCC,4.0,4.4,69000.0,15,3
Honda,CR-V,White,2013.0,62000.0,GCC,4.0,4.4,50625.0,9,3
Jeep,Grand Cherokee,Black,2015.0,58000.0,GCC,8.0,3.8,105000.0,21,4
Nissan,Maxima,Grey,2014.0,81000.0,GCC,6.0,4.9,47000.0,13,2
Dodge,Charger R/T,Black,2016.0,72500.0,GCC,8.0,4.2,89000.0,11,4
MINI,Cooper S JCW,White,2018.0,11000.0,GCC,4.0,4.9,104000.0,14,5
Audi,A3,Silver,2016.0,28500.0,GCC,4.0,4.6,68000.0,17,3
Nissan,Tiida,White,2014.0,140000.0,GCC,4.0,4.3,21100.0,13,2
Ford,Explorer XLT,Blue,2017.0,42000.0,GCC,6.0,4.1,105000.0,12,3
Chevrolet,Camaro,Grey,2016.0,70000.0,GCC,6.0,4.0,88000.0,7,4
Peugeot,207 CC,Black,2008.0,158000.0,GCC,4.0,3.5,11000.0,1,2
Kia,Sorento,Silver,2013.0,174000.0,GCC,4.0,4.6,33100.0,3,3
Nissan,Pathfinder,White,2015.0,37000.0,GCC,6.0,4.3,48000.0,13,3
Mercedes,GL450,White,2012.0,97000.0,GCC,8.0,4.7,73000.0,26,3
Mitsubishi,Pajero GLS 3.5,Grey,2015.0,173500.0,GCC,6.0,5.0,47625.0,6,4
Dodge,Durango,Black,2013.0,116000.0,GCC,8.0,3.5,45000.0,11,3
Mitsubishi,Pajero GLS 3.5L,Brown,2017.0,33500.0,GCC,6.0,4.8,80000.0,6,4
Hyundai,Accent 1.6L,Red,2014.0,64000.0,GCC,4.0,4.6,27000.0,8,2
Range,Evoque,White,2012.0,108000.0,GCC,4.0,4.1,73500.0,27,3
BMW,340,White,2017.0,3200.0,GCC,6.0,4.6,155000.0,25,4
Peugeot,207,Blue,2012.0,181000.0,GCC,4.0,4.5,11000.0,1,2
Audi,A1 Sline 1.4SC,Black,2013.0,72000.0,GCC,4.0,4.6,44000.0,17,2
Jaguar,XF Pure,White,2014.0,107000.0,GCC,4.0,3.6,49500.0,19,2
GMC,Terrain SLE,White,2017.0,65000.0,GCC,4.0,5.0,62625.0,18,3
Mazda,3 2.0L,Grey,2016.0,55700.0,GCC,4.0,4.6,53000.0,5,3
Nissan,Altima S 2.5L,Silver,2016.0,55000.0,GCC,4.0,3.9,35000.0,13,2
Nissan,Pathfinder SV,Grey,2017.0,90000.0,GCC,6.0,4.7,83000.0,13,3
BMW,528 2.5L,Gold,2010.0,69000.0,American,6.0,3.8,25000.0,25,2
Hyundai,Genesis 5.0L,Grey,2017.0,94000.0,GCC,8.0,4.9,99000.0,8,5
Land,Defender 2.2L,White,2015.0,7000.0,GCC,4.0,5.0,239000.0,16,5
Renault,Fluence 1.6L,Black,2015.0,44000.0,GCC,4.0,3.8,24600.0,2,3
Mitsubishi,Pajero 3.5L,White,2011.0,196000.0,GCC,6.0,3.6,28000.0,6,4
Chevrolet,Cruze LS,Red,2013.0,97000.0,GCC,4.0,4.6,17000.0,7,2
BMW,535 GT,White,2011.0,145000.0,GCC,6.0,4.0,46000.0,25,2
Mercedes,E300,Black,2013.0,131000.0,GCC,6.0,4.1,65500.0,26,3
Ford,Mustang 3.7L,Red,2011.0,89000.0,American,6.0,4.6,22100.0,12,2
Honda,Civic 1.8L,Gold,2008.0,167000.0,GCC,4.0,3.8,13000.0,9,2
BMW,440 M Kit,Silver,2017.0,10700.0,GCC,6.0,4.8,183000.0,25,4
Ford,Mustang GT 5.0L,Yellow,2015.0,54000.0,GCC,8.0,4.7,93000.0,12,4
Ford,F150,Grey,2015.0,102500.0,GCC,8.0,4.3,80500.0,12,4
Mercedes,ML350,Black,2014.0,40000.0,GCC,6.0,4.3,105000.0,26,3
Kia,Rio 1.4L,Silver,2016.0,106500.0,GCC,4.0,4.6,27500.0,3,2
Audi,A6,Silver,2012.0,144300.0,GCC,6.0,4.1,33000.0,17,3
Ford,Edge 3.5L V6,Silver,2014.0,80000.0,GCC,6.0,5.0,43000.0,12,3
Jeep,Wrangler Unlimited Rubicon 3.6L,Silver,2015.0,95000.0,GCC,6.0,5.0,110000.0,21,4
Land,LR2 3.2L I6,Grey,2012.0,126000.0,GCC,6.0,4.4,40000.0,16,2
Chevrolet,Traverse LT,Black,2011.0,199700.0,GCC,6.0,4.1,20000.0,7,2
BMW,X3 28i,Grey,2016.0,38500.0,GCC,4.0,4.9,143000.0,25,4
Nissan,Murano,Black,2008.0,94600.0,GCC,6.0,3.9,22000.0,13,2
Honda,Pilot 3.5L,Black,2015.0,65500.0,GCC,6.0,4.2,75000.0,9,4
Nissan,Altima 2.5.L SL,Silver,2016.0,74000.0,GCC,4.0,4.2,42000.0,13,3
Porsche,Cayenne S 4.8L V8,Silver,2012.0,113000.0,GCC,8.0,4.9,93000.0,29,3
BMW,X5 35i,Black,2015.0,137000.0,GCC,6.0,4.9,105000.0,25,5
Audi,A4,Black,2014.0,134500.0,GCC,4.0,4.2,38000.0,17,2
Porsche,Cayman GTS,Silver,2015.0,25000.0,GCC,6.0,4.6,180000.0,29,4
Honda,Civic 2.0L,Silver,2016.0,32500.0,GCC,4.0,4.3,55000.0,9,3
Dodge,Challenger 3.6L,Red,2017.0,47000.0,GCC,4.0,5.0,88000.0,11,4
Dodge,Durango 3.6L,White,2012.0,160800.0,GCC,6.0,4.0,26000.0,11,3
Volvo,S90 T6 Inscription Exclusive 2.0TC,White,2018.0,36000.0,GCC,4.0,4.8,171000.0,10,5
Mercedes,C63 AMG S Edition 1,White,2015.0,75000.0,European,8.0,4.5,198000.0,26,5
Jaguar,XF R-Sport 2.0L,Blue,2016.0,24000.0,GCC,4.0,4.3,103000.0,19,3
Jeep,Grand Cherokee 3.6L Laredo,Black,2014.0,96000.0,GCC,6.0,4.2,64600.0,21,3
Land,LR2 HSE 3.2L,Grey,2009.0,179000.0,GCC,6.0,3.5,19000.0,16,1
Nissan,Altima SV 2.5L,Grey,2016.0,66000.0,GCC,4.0,4.0,48800.0,13,3
BMW,730,Gold,2012.0,79000.0,GCC,6.0,4.2,49500.0,25,2
Infiniti,QX30 2.0TC,Blue,2018.0,15300.0,GCC,4.0,4.9,115000.0,20,4
Toyota,Prado VXR 4.0L,White,2017.0,16000.0,GCC,6.0,5.0,145000.0,15,5
Mitsubishi,Pajero GLS Diamond 3.5L,Silver,2014.0,75200.0,GCC,6.0,3.9,41000.0,6,4
Jeep,Cherokee Limited 3.2L V6,Grey,2017.0,8800.0,GCC,6.0,4.7,99000.0,21,4
Infiniti,QX60 3.5L V6,White,2015.0,100000.0,GCC,6.0,4.6,69500.0,20,3
Infiniti,QX70 3.7L V6,Grey,2015.0,74800.0,GCC,6.0,5.0,86000.0,20,4
Dodge,Challenger SXT,Black,2015.0,34200.0,American,6.0,4.0,42000.0,11,4
Volkswagen,Passat,White,2014.0,91500.0,GCC,5.0,4.4,35000.0,4,3
Mitsubishi,Montero Sport,Red,2016.0,64000.0,GCC,6.0,5.0,53000.0,6,5
Lexus,LX570 Sport,White,2015.0,150000.0,GCC,8.0,4.7,200000.0,24,5
Jeep,Grand Cherokee 3.6L,White,2015.0,105000.0,GCC,6.0,4.8,82000.0,21,3
Jaguar,XF Luxury,Red,2013.0,113000.0,GCC,4.0,4.2,49000.0,19,3
Jaguar,XF,Black,2012.0,104600.0,GCC,8.0,3.9,40000.0,19,2
Toyota,Fortuner GXR 4.0L V6,Black,2015.0,42900.0,GCC,6.0,4.3,73500.0,15,3
Range,Evoque Pure 2.0TC,White,2015.0,98000.0,GCC,4.0,4.2,98000.0,27,3
Bmw,420 M kit,White,2017.0,32000.0,GCC,4.0,4.7,133000.0,22,4
Lexus,GX460 4.6L,Black,2014.0,120000.0,GCC,8.0,4.7,102150.0,24,3
Audi,A5 50 TFSI Quattro,White,2016.0,36500.0,GCC,6.0,4.1,115000.0,17,4
Ford,Edge Titanium,White,2016.0,24000.0,GCC,6.0,4.8,90000.0,12,4
Jaguar,XF Prestige,Blue,2016.0,45800.0,GCC,4.0,4.6,89000.0,19,3
Audi,Q7 3.0SC,Grey,2015.0,101500.0,GCC,6.0,4.9,89000.0,17,4
Audi,A8 Quattro,Black,2014.0,78500.0,GCC,8.0,4.6,105000.0,17,4
Ford,Focus Ambiente,White,2017.0,44500.0,GCC,4.0,5.0,40000.0,12,2
Jeep,Grand Cherokee Limited V6,White,2015.0,160000.0,GCC,6.0,4.4,72000.0,21,3
Peugeot,RCZ 1.6TC,White,2012.0,80000.0,GCC,4.0,4.6,33000.0,1,4
Ford,Mustang 3.7L,Orange,2015.0,65000.0,GCC,6.0,3.8,70000.0,12,2
Range,Sport Supercharged,Black,2011.0,103800.0,GCC,8.0,4.9,65000.0,27,2
Audi,Q5 2.0TC,Black,2014.0,89500.0,GCC,4.0,4.3,75000.0,17,3
Nissan,Tiida 1.8L,Silver,2011.0,150000.0,GCC,4.0,4.0,16500.0,13,2
Lexus,LS460 L,Black,2008.0,191500.0,Japanese,8.0,3.9,30500.0,24,2
Ford,Mustang 3.6 L,Silver,2016.0,35000.0,GCC,6.0,3.9,83500.0,12,4
Range,Sport Supercharged V6,Black,2015.0,52000.0,GCC,6.0,4.6,199000.0,27,4
Jaguar,XF 3.0L,White,2012.0,102500.0,GCC,6.0,4.6,32000.0,19,2
Toyota,Corolla SE+ 2.0L,Grey,2014.0,52000.0,GCC,4.0,4.2,35000.0,15,2
Ford,Focus Ambiente 1.5L Ecoboost,Blue,2017.0,25000.0,GCC,4.0,5.0,39000.0,12,2
Audi,A5 45 TFSI Quattro,Silver,2013.0,114000.0,GCC,4.0,4.5,47000.0,17,3
Cadillac,ATS,White,2015.0,116000.0,GCC,4.0,4.9,52000.0,23,2
Ford,Ranger 3.2L,Black,2017.0,37500.0,GCC,6.0,4.8,95000.0,12,4
BMW,X5 50i,Silver,2014.0,39200.0,American,8.0,4.0,98000.0,25,5
Audi,A3 30 TFSI,White,2016.0,44000.0,GCC,4.0,4.4,65500.0,17,3
Range,Evoque 2.0L,Red,2014.0,89500.0,GCC,4.0,4.5,99000.0,27,3
Ford,Focus ST 2.0TC,Silver,2014.0,112500.0,GCC,4.0,4.6,35000.0,12,2
BMW,X1 xDrive18i,White,2012.0,79000.0,GCC,4.0,4.0,30000.0,25,2
Volkswagen,Jetta 2.0L,Brown,2013.0,120500.0,GCC,4.0,4.4,22000.0,4,2
Toyota,Corolla Sport 1.8,White,2013.0,95500.0,GCC,4.0,4.6,24500.0,15,2
Mazda,CX-9 3.7L. 6,Grey,2014.0,165000.0,GCC,6.0,4.6,49000.0,5,3
Nissan,Pathfinder S,White,2014.0,87000.0,GCC,6.0,4.4,46500.0,13,3
Infiniti,QX60,Green,2014.0,88100.0,GCC,6.0,4.9,75000.0,20,4
Volvo,XC60 T5 R-Design 2.0L,Silver,2013.0,188500.0,GCC,4.0,3.9,34500.0,10,2
Mercedes,SLC200 2.0L,Black,2017.0,36200.0,GCC,6.0,4.3,115000.0,26,4
Volvo,S80 2.5T,Blue,2008.0,200700.0,GCC,5.0,4.1,16500.0,10,1
BMW,X5 50I,White,2014.0,110000.0,GCC,8.0,4.7,104999.0,25,3
Cadillac,SRX 3.6L,Black,2015.0,87000.0,GCC,6.0,4.6,61000.0,23,3
Infiniti,QX70,Grey,2014.0,112800.0,GCC,6.0,4.8,70000.0,20,3
Jeep,Wrangler Sport. 3.6L Manual,Grey,2016.0,44000.0,GCC,6.0,4.5,65000.0,21,3
Ford,Mustang 3.7L,Black,2014.0,97000.0,American,6.0,3.6,37000.0,12,2
Nissan,Patrol,Black,2013.0,158500.0,GCC,8.0,4.3,63000.0,13,3
Mitsubishi,Pajero 3.5L,Grey,2015.0,46000.0,GCC,6.0,3.9,57500.0,6,4
Jeep,Grand Cherokee Night Eagle 3.6L,White,2017.0,42000.0,GCC,6.0,4.6,125999.0,21,5
Mazda,6 2.5L,Brown,2016.0,99500.0,GCC,4.0,4.1,41000.0,5,3
Mitsubishi,Montero Sport,Red,2017.0,45000.0,GCC,6.0,5.0,79000.0,6,5
Ford,Mustang 3.7L,Red,2014.0,57855.0,American,6.0,3.6,40000.0,12,2
Mercedes,CLA250 2.0L Turbo,Blue,2018.0,38000.0,GCC,4.0,4.6,135000.0,26,4
Ford,Edge Sport 3.7L V6,Black,2014.0,159000.0,GCC,6.0,4.4,47500.0,12,3
Ford,Focus 1.6L,White,2013.0,84000.0,GCC,4.0,4.0,18000.0,12,2
BMW,318,Black,2018.0,13500.0,GCC,3.0,5.0,96000.0,25,3
Range,Evoque,Black,2018.0,21600.0,GCC,4.0,4.8,158000.0,27,3
Ford,Fiesta,White,2011.0,198800.0,GCC,4.0,4.4,10500.0,12,1
Jeep,Grand Cherokee Laredo,Red,2015.0,97000.0,GCC,6.0,3.9,65000.0,21,3
Audi,A4 35TFSI,Black,2015.0,73000.0,GCC,4.0,3.9,60000.0,17,3
Volkswagen,Golf R 2.0TC,Silver,2016.0,51000.0,GCC,4.0,4.5,95000.0,4,5
Nissan,Maxima SV,White,2017.0,60000.0,GCC,6.0,4.9,76600.0,13,3
Land,LR2 HSE,Black,2014.0,94500.0,GCC,4.0,4.5,48000.0,16,2
Nissan,Altima S,Gold,2012.0,199500.0,GCC,4.0,3.9,18000.0,13,2
Maserati,Ghibli S 3.0L V6,Brown,2016.0,21000.0,GCC,6.0,4.3,165000.0,28,4
Toyota,Corolla SE 1.6L,White,2015.0,54000.0,GCC,4.0,4.0,36000.0,15,2
Nissan,Sentra SL,White,2013.0,116500.0,GCC,4.0,4.8,24000.0,13,2
Ford,Edge Titanium 3.6L,Brown,2016.0,48000.0,GCC,6.0,4.6,94000.0,12,4
Mercedes,E350,Silver,2012.0,103148.0,American,6.0,3.5,38000.0,26,2
Dodge,Charger SRT8 6.4L,Black,2016.0,49000.0,GCC,8.0,4.7,143000.0,11,5
Nissan,Pathfinder SV 3.5L V6,Grey,2015.0,90000.0,GCC,6.0,5.0,78000.0,13,3
Honda,City 1.5L,Silver,2016.0,63500.0,GCC,4.0,4.3,30000.0,9,2
Porsche,911 Carrera,White,2013.0,92600.0,GCC,6.0,5.0,175000.0,29,4
Volkswagen,Scirocco 2.0L,White,2010.0,138000.0,GCC,4.0,3.6,24500.0,4,2
Mitsubishi,Pajero 3.5L,Silver,2015.0,66000.0,GCC,6.0,4.2,45000.0,6,4
Mercedes,G63 AMG BRABUS,White,2013.0,101500.0,GCC,8.0,4.3,228000.0,26,5
Mazda,3 2.0L,Red,2016.0,114000.0,GCC,4.0,4.4,39000.0,5,3
Toyota,Yaris SE,White,2013.0,120000.0,GCC,4.0,4.0,19500.0,15,2
Honda,Civic 1.8L,Silver,2015.0,24000.0,American,4.0,4.5,34500.0,9,2
Honda,Pilot EXL,Black,2016.0,21000.0,GCC,6.0,4.8,95000.0,9,4
Porsche,Panamera S,Silver,2010.0,175000.0,GCC,8.0,4.0,67000.0,29,2
Audi,Q7,Black,2008.0,178000.0,GCC,6.0,4.1,26000.0,17,3
Nissan,Patrol Titanium,Brown,2017.0,42000.0,GCC,8.0,5.0,178000.0,13,5
Mercedes,C200,Grey,2016.0,87000.0,GCC,4.0,4.6,119000.0,26,3
Maserati,GranCabrio Sport,Grey,2012.0,68500.0,GCC,8.0,4.2,138000.0,28,3
Chevrolet,Camaro RS,Silver,2017.0,8000.0,GCC,6.0,5.0,128000.0,7,4
Audi,A6 2.0T,White,2009.0,187500.0,GCC,4.0,4.1,27000.0,17,1
BMW,Z4 35is,White,2014.0,60000.0,GCC,6.0,4.2,85000.0,25,3
Ford,Expedition XLT Leather 5.4L,Black,2013.0,77000.0,GCC,8.0,4.4,48000.0,12,3
Honda,City 1.5L,White,2018.0,50000.0,GCC,4.0,4.7,43000.0,9,2
Mercedes,C200,Black,2012.0,78100.0,GCC,4.0,4.6,36000.0,26,3
Infiniti,QX70 3.7L,Black,2015.0,51000.0,GCC,6.0,4.1,83000.0,20,3
Volkswagen,Tiguan 2.0L,Red,2012.0,48000.0,GCC,4.0,4.1,36000.0,4,3
Audi,Q7,Grey,2013.0,115000.0,GCC,6.0,4.6,69000.0,17,3
Volvo,XC90 3.2L V6,Silver,2008.0,174000.0,GCC,6.0,4.1,17000.0,10,2
GMC,Yukon Denali,White,2014.0,160500.0,GCC,8.0,4.3,59500.0,18,3
Mitsubishi,Lancer GLX 2.0L,Red,2015.0,66500.0,GCC,4.0,4.2,24000.0,6,2
Jeep,Grand Cherokee Limited,White,2010.0,147000.0,GCC,6.0,4.1,18575.0,21,2
Ford,Explorer XLT,Grey,2014.0,44500.0,GCC,6.0,4.6,72000.0,12,3
Hyundai,Genesis 3.8L,Silver,2013.0,159500.0,GCC,6.0,5.0,33000.0,8,4
Toyota,FJ Cruiser 4.0L,White,2017.0,54000.0,GCC,6.0,5.0,106500.0,15,4
Ford,Edge Titanium,Grey,2016.0,20500.0,GCC,6.0,5.0,97000.0,12,4
Toyota,FJ Cruiser 4.0L V6,Blue,2011.0,146000.0,GCC,6.0,4.3,55000.0,15,3
Toyota,Yaris SE 1.5L,Black,2015.0,145300.0,GCC,4.0,4.4,24900.0,15,2
Renault,Duster 2.0L,Grey,2017.0,55600.0,GCC,4.0,4.7,35000.0,2,3
Jaguar,XF Luxury,Blue,2015.0,82000.0,GCC,4.0,4.7,69500.0,19,3
Nissan,Tiida SV 1.8L,White,2016.0,85000.0,GCC,4.0,5.0,40000.0,13,3
Mazda,CX-9 3.7L V6,Black,2016.0,46000.0,GCC,6.0,4.3,70000.0,5,4
Jeep,Grand Cherokee 3.6L,Grey,2015.0,71000.0,GCC,6.0,4.9,80000.0,21,3
Audi,A8 3.0L,Grey,2014.0,105000.0,GCC,6.0,4.6,75000.0,17,3
MINI,Cooper S,Black,2017.0,30500.0,GCC,4.0,4.2,100000.0,14,3
Nissan,Patrol 4.0L,Silver,2017.0,49000.0,GCC,6.0,4.6,130000.0,13,4
Nissan,Patrol Platinum,Black,2016.0,68000.0,GCC,8.0,4.3,150000.0,13,5
Jeep,Wrangler Sahara 3.8L,Red,2011.0,90500.0,GCC,6.0,4.3,52625.0,21,3
BMW,X6 35i,White,2016.0,83500.0,GCC,6.0,4.6,165500.0,25,4
Cadillac,SRX 3.6L V6,Brown,2015.0,48000.0,GCC,6.0,4.1,75000.0,23,3
Mitsubishi,Lancer GT,Black,2015.0,61000.0,GCC,4.0,5.0,33000.0,6,3
Land,LR4,Blue,2014.0,75000.0,GCC,6.0,5.0,97000.0,16,3
Toyota,Camry 2.5L,Silver,2017.0,27200.0,GCC,4.0,5.0,63000.0,15,3
Audi,A4 2.0T S Line,Black,2010.0,117000.0,GCC,4.0,4.2,30000.0,17,2
Audi,Q2 35 TFSI Sport 1.4TC,White,2017.0,28000.0,GCC,4.0,5.0,108000.0,17,4
Infiniti,EX35 3.5L,Silver,2010.0,111400.0,Japanese,6.0,3.6,28000.0,20,2
Ford,EcoSport Trend 1.5L,White,2015.0,192500.0,GCC,4.0,4.5,18000.0,12,2
Nissan,Altima SV,Blue,2018.0,26000.0,GCC,4.0,4.9,70000.0,13,3
BMW,730 3.0L,White,2016.0,18600.0,GCC,4.0,5.0,194000.0,25,4
Maserati,Ghibli 3.0L S,Grey,2016.0,15000.0,GCC,6.0,4.8,179000.0,28,4
Ford,Mustang Eco boost 2.3L,Orange,2016.0,18020.0,American,4.0,4.2,67600.0,12,3
Mitsubishi,Mirage,Grey,2016.0,15000.0,GCC,3.0,4.6,20000.0,6,2
Dodge,Charger R/T 5.7L,Silver,2015.0,45000.0,GCC,8.0,4.3,75000.0,11,4
Toyota,Prado TX.L 4.0L V6,White,2013.0,88600.0,GCC,6.0,4.5,72000.0,15,3
Audi,Q7 S 3.0TC,Black,2012.0,115000.0,GCC,6.0,4.7,59000.0,17,3
Toyota,Land Cruiser VXR 5.7L V8,White,2014.0,63000.0,GCC,8.0,4.3,160000.0,15,5
Nissan,Altima SL 2.5L,Black,2016.0,74000.0,GCC,4.0,4.2,47950.0,13,3
Mercedes,GL450 4.6L V8,Black,2008.0,135000.0,GCC,8.0,4.2,30000.0,26,2
Infiniti,QX56 5.6L,White,2011.0,98000.0,American,8.0,4.2,70000.0,20,3
Honda,Civic 1.8L,Black,2014.0,83000.0,GCC,4.0,4.6,35000.0,9,2
Ford,Focus 1.6,Black,2014.0,79000.0,GCC,4.0,4.1,19000.0,12,2
Honda,CR-V 2.4L,Blue,2010.0,54000.0,GCC,4.0,4.2,26500.0,9,3
Ford,Explorer XLT,White,2015.0,71000.0,GCC,6.0,5.0,72500.0,12,3
Nissan,Sunny,Brown,2014.0,85900.0,GCC,4.0,4.4,19500.0,13,2
Dodge,Challenger 3.6L,Black,2014.0,92500.0,GCC,6.0,4.7,45000.0,11,4
Toyota,Sequoia Limited V8,White,2011.0,162000.0,GCC,8.0,4.6,47000.0,15,3
Ford,Edge Limited,Black,2013.0,87000.0,GCC,6.0,4.2,46100.0,12,2
BMW,435 M Kit,Blue,2016.0,51000.0,GCC,6.0,4.4,155000.0,25,4
Dodge,Durango 3.6L,Silver,2012.0,181000.0,GCC,6.0,4.2,31000.0,11,3
Nissan,Sunny 1.5L,White,2014.0,70000.0,GCC,4.0,4.2,21000.0,13,2
Maserati,Quattroporte S 3.0TC,Black,2014.0,101000.0,GCC,6.0,4.6,89000.0,28,1
Nissan,Pathfinder SV,White,2014.0,66000.0,GCC,6.0,4.2,61000.0,13,3
Cadillac,CTS,Black,2013.0,151800.0,GCC,6.0,4.2,33000.0,23,1
Hyundai,Tucson 2.0L,Silver,2009.0,150000.0,GCC,4.0,3.9,19500.0,8,1
Infiniti,QX60 3.5L,Grey,2014.0,116000.0,GCC,6.0,4.2,71000.0,20,3
Kia,Cerato Koup,Red,2016.0,115000.0,GCC,4.0,4.6,36000.0,3,4
Audi,Q5 S-line,Silver,2011.0,198500.0,GCC,6.0,4.4,40000.0,17,2
Lexus,GX460 Prestige,Black,2017.0,43000.0,GCC,8.0,5.0,153000.0,24,4
Nissan,Altima SV,Silver,2014.0,152600.0,GCC,4.0,4.3,26999.0,13,3
BMW,528 2.0L,Black,2016.0,55000.0,GCC,4.0,4.9,122000.0,25,3
Ford,Focus Ambiente 1.6L,White,2016.0,46000.0,GCC,4.0,4.4,31600.0,12,2
Mazda,CX-9 3.7L V6,Black,2014.0,104000.0,GCC,6.0,4.6,53000.0,5,4
BMW,X5 50i,White,2012.0,147800.0,GCC,8.0,4.3,51000.0,25,5
Mazda,6 2.5L,Silver,2016.0,38000.0,GCC,4.0,4.1,60000.0,5,3
Nissan,Patrol LE Platinum 5.6L,Black,2018.0,28000.0,GCC,8.0,5.0,222000.0,13,5
Toyota,Corolla Limited,Silver,2015.0,100300.0,GCC,4.0,4.3,42000.0,15,2
Mitsubishi,Lancer GLS 2.0L,Grey,2015.0,78000.0,GCC,4.0,4.9,31500.0,6,3
Mercedes,C300 4Matic,Black,2014.0,55000.0,American,6.0,4.3,53000.0,26,2
BMW,520 M-Kit,White,2018.0,16000.0,GCC,4.0,5.0,185000.0,25,4
Mazda,3 1.6L,Black,2011.0,184200.0,GCC,4.0,3.6,13500.0,5,3
Nissan,Pathfinder SV,White,2018.0,23500.0,GCC,6.0,5.0,118000.0,13,3
Toyota,RAV 4 VXR 2.5L,Silver,2014.0,127000.0,GCC,4.0,4.7,55000.0,15,3
Mercedes,E250,White,2016.0,61000.0,GCC,4.0,4.4,118000.0,26,3
Ford,Mustang Ecoboost,White,2017.0,17000.0,American,4.0,4.0,54500.0,12,3
Renault,Fluence 1.6L,White,2014.0,115000.0,GCC,4.0,4.1,15500.0,2,3
Nissan,X-Trail,Grey,2015.0,51400.0,GCC,4.0,3.8,55000.0,13,3
Nissan,Tiida S 1.6L,White,2016.0,55500.0,GCC,4.0,5.0,36500.0,13,2
Porsche,Panamera 4,Burgundy,2016.0,53000.0,GCC,6.0,5.0,250000.0,29,4
Mercedes,SLK350 3.5L,Blue,2013.0,85000.0,GCC,6.0,4.1,73000.0,26,3
GMC,Sierra SLT,Red,2016.0,76000.0,GCC,8.0,4.2,99000.0,18,4
Lexus,ES350,Grey,2012.0,100500.0,GCC,6.0,4.6,45600.0,24,2
Volkswagen,Touareg 3.6L,Brown,2015.0,100000.0,GCC,6.0,4.9,77000.0,4,4
Audi,A4 25 TFSI 1.8TC,Black,2016.0,85000.0,GCC,4.0,4.3,65000.0,17,3
Nissan,Pathfinder SV,Brown,2013.0,154000.0,GCC,6.0,4.9,50000.0,13,3
BMW,650 V8 TwinTurbo,White,2013.0,33000.0,American,8.0,4.3,155000.0,25,4
Nissan,Maxima 3.5L,Black,2013.0,107000.0,GCC,6.0,4.0,37000.0,13,2
Chevrolet,Corvette 6.2L V8,Red,2015.0,61000.0,GCC,8.0,4.9,160000.0,7,5
Dodge,Charger 3.6L,Grey,2015.0,89000.0,GCC,6.0,5.0,65000.0,11,4
Range,Vogue,Red,2009.0,177000.0,GCC,8.0,3.5,34000.0,27,1
Toyota,RAV 4 VX.R 2.5L,White,2014.0,42500.0,GCC,4.0,4.3,64000.0,15,3
Jeep,Wrangler SAHARA,Silver,2016.0,12000.0,GCC,6.0,4.3,92000.0,21,4
GMC,Yukon 6.2L V8,White,2011.0,81800.0,GCC,8.0,4.6,55000.0,18,3
Maserati,Ghibli 3.0L V6,Blue,2016.0,72500.0,GCC,6.0,4.2,140000.0,28,3
Audi,Q7 Sline,White,2016.0,75000.0,GCC,6.0,4.7,97000.0,17,4
Volkswagen,Tiguan TSI,Black,2016.0,83000.0,GCC,4.0,4.2,58000.0,4,4
Infiniti,QX60 3.5L V6,Grey,2016.0,33500.0,GCC,6.0,4.7,106500.0,20,3
Mitsubishi,Pajero GLS 3.5L,Brown,2015.0,47000.0,GCC,6.0,4.3,53500.0,6,4
BMW,Z4 2.0TC,Silver,2015.0,33500.0,GCC,4.0,4.6,88000.0,25,3
Jaguar,XF Premium Luxury,Burgundy,2012.0,99000.0,GCC,6.0,4.2,43000.0,19,2
Honda,CR-V 2.4L,White,2012.0,100500.0,GCC,4.0,4.4,35100.0,9,3
Jeep,Wrangler Falcon Edition,White,2016.0,12000.0,GCC,6.0,5.0,75000.0,21,3
Peugeot,301 1.6L,Grey,2016.0,38700.0,GCC,4.0,4.3,24100.0,1,3
BMW,Z4 20i,Blue,2015.0,16000.0,GCC,4.0,4.3,88000.0,25,3
Nissan,Patrol Safari YZ1,White,2015.0,19500.0,GCC,6.0,4.6,98000.0,13,4
Mazda,6 2.0L,Red,2011.0,83000.0,GCC,4.0,3.5,22000.0,5,2
Mitsubishi,Pajero Sport 3.5L V6,Black,2011.0,190300.0,GCC,6.0,4.7,20000.0,6,2
Range,Evoque SE+ 2.0TC,White,2017.0,35000.0,GCC,4.0,4.1,139000.0,27,3
Mitsubishi,Pajero 3.8L,Gold,2017.0,51000.0,GCC,6.0,4.9,78500.0,6,5
Ford,Fusion SE 2.5L,Black,2014.0,90100.0,GCC,4.0,4.6,36000.0,12,2
Porsche,Cayman GTS,Black,2015.0,25000.0,GCC,6.0,4.4,172999.0,29,4
Mitsubishi,Pajero GLS 3.5L,Silver,2012.0,168000.0,GCC,6.0,4.7,36000.0,6,4
Audi,Q5,Black,2015.0,110000.0,GCC,4.0,4.2,67000.0,17,3
Audi,A4 S-line,Grey,2016.0,88500.0,GCC,4.0,4.3,64000.0,17,3
Mitsubishi,Pajero 3.8L,Black,2009.0,112000.0,GCC,6.0,4.1,35000.0,6,5
Mitsubishi,Pajero GLS,Black,2015.0,123500.0,GCC,6.0,4.8,55000.0,6,4
Toyota,Corolla Platinum 1.6L,White,2018.0,7200.0,GCC,4.0,5.0,56000.0,15,3
Mazda,CX-9 3.7L,Red,2015.0,75000.0,GCC,6.0,4.7,60000.0,5,3
Bmw,X5 XDrive 48i,Silver,2010.0,192000.0,GCC,8.0,3.8,27500.0,22,2
Maserati,Ghibli S,White,2014.0,130300.0,GCC,6.0,3.8,89000.0,28,3
Lexus,RX350,Grey,2010.0,156000.0,GCC,6.0,4.0,55000.0,24,2
Nissan,Altima SV,White,2016.0,64700.0,GCC,4.0,4.7,46000.0,13,3
Mitsubishi,Pajero 3.5L,Black,2016.0,41000.0,GCC,6.0,4.8,73000.0,6,4
Infiniti,QX60,White,2017.0,17000.0,GCC,6.0,4.6,128000.0,20,4
Nissan,Patrol SE,Silver,2016.0,78700.0,GCC,8.0,3.6,118000.0,13,4
Audi,Q7,White,2015.0,59000.0,GCC,6.0,4.2,115000.0,17,3
Toyota,Fortuner EXR 2.7L,White,2015.0,39000.0,GCC,4.0,4.2,65000.0,15,3
Jaguar,XF 3.0SC,Grey,2013.0,56000.0,GCC,6.0,4.0,52500.0,19,2
Toyota,FJ Cruiser 4.0L,Orange,2013.0,100000.0,GCC,6.0,4.8,68000.0,15,4
Ford,Edge Sport,Orange,2016.0,46000.0,GCC,6.0,4.7,105000.0,12,3
BMW,X1 sDrive 18i,Black,2011.0,86000.0,GCC,4.0,4.4,30500.0,25,2
Porsche,Cayenne Turbo,Black,2011.0,116050.0,GCC,8.0,4.9,95000.0,29,4
BMW,X6 35i,Grey,2015.0,40000.0,GCC,6.0,4.9,153000.0,25,4
Mitsubishi,Pajero GLS 3.5L,Gold,2015.0,85000.0,GCC,6.0,4.8,55500.0,6,4
MINI,Cooper S,Red,2016.0,18500.0,GCC,4.0,4.3,96000.0,14,3
Chevrolet,Captiva LT 2.4L,Black,2009.0,142500.0,GCC,4.0,4.1,13000.0,7,2
Honda,Accord 3.5L V6,Black,2015.0,117500.0,GCC,6.0,4.2,52500.0,9,3
Ford,F150 Lariat V8,Black,2016.0,32000.0,GCC,8.0,5.0,125000.0,12,4
Jaguar,F-Pace S,Red,2017.0,51000.0,GCC,6.0,5.0,150000.0,19,4
Volkswagen,Touareg 3.6L,Silver,2010.0,112000.0,GCC,6.0,4.6,26000.0,4,4
Range,Sport HSE,Black,2016.0,42000.0,GCC,6.0,5.0,264000.0,27,4
Range,Autobiography Sport,White,2012.0,172000.0,GCC,8.0,4.2,66000.0,27,2
Ford,Mustang GT,Blue,2015.0,30500.0,American,8.0,3.8,72000.0,12,3
Bmw,318,White,2016.0,74000.0,GCC,4.0,4.7,65000.0,22,3
Audi,A5,Blue,2014.0,92000.0,GCC,4.0,4.2,65500.0,17,3
BMW,228 2.0L,White,2016.0,66000.0,GCC,4.0,4.7,80000.0,25,3
Volkswagen,Jetta 2.5L,Blue,2016.0,68000.0,GCC,5.0,4.2,43000.0,4,3
Infiniti,QX70 3.7L V6,White,2017.0,67700.0,GCC,6.0,5.0,98000.0,20,4
Porsche,Panamera S,Black,2012.0,68000.0,GCC,8.0,4.9,118000.0,29,2
Audi,Q7 45 TFSI Quattro,White,2017.0,31000.0,GCC,6.0,5.0,190000.0,17,5
BMW,M235,Black,2014.0,63700.0,GCC,6.0,4.7,88000.0,25,3
Bmw,X5 35i,White,2016.0,80000.0,GCC,6.0,4.9,161000.0,22,5
Mercedes,E400 4Matic,White,2017.0,22500.0,GCC,6.0,4.7,233500.0,26,5
Hyundai,Elantra GLS,Silver,2013.0,145500.0,GCC,4.0,4.5,23500.0,8,2
Jeep,Wrangler Sport Falcon Edition,Grey,2018.0,26000.0,GCC,6.0,5.0,120000.0,21,5
Range,Sport Supercharged,Black,2012.0,136000.0,GCC,8.0,4.6,58000.0,27,2
Mercedes,GL450 4.7L,Brown,2012.0,165000.0,GCC,8.0,4.6,54000.0,26,2
Audi,A5 Quattro S line,Blue,2013.0,117300.0,GCC,4.0,4.9,57000.0,17,3
Audi,A6 35 TFSI,White,2016.0,96000.0,GCC,4.0,5.0,79500.0,17,3
Mercedes,E250,Black,2016.0,34500.0,GCC,4.0,4.3,148000.0,26,3
Ford,Mustang 3.6L,Yellow,2015.0,31500.0,American,6.0,3.6,53000.0,12,3
Chevrolet,Camaro 3.6L,Blue,2011.0,137000.0,American,6.0,3.4,27000.0,7,2
Lexus,GX460 Platinum,White,2013.0,137000.0,GCC,8.0,4.3,93000.0,24,4
Nissan,Pathfinder SV,Grey,2013.0,165000.0,GCC,6.0,4.5,50000.0,13,3
Dodge,Charger RT 5.7L,Red,2012.0,114000.0,GCC,8.0,4.1,38500.0,11,3
Nissan,Murano 3.5L V6,White,2008.0,186000.0,GCC,6.0,3.6,17500.0,13,2
Ford,Edge SEL,White,2012.0,114000.0,GCC,6.0,4.2,35000.0,12,2
Lexus,ES350 3.5L,White,2014.0,166000.0,GCC,6.0,4.9,90000.0,24,3
Audi,A3 30 TFSI,Red,2015.0,106800.0,GCC,4.0,4.5,41000.0,17,3
Volkswagen,CC Sport 2.0TC,White,2015.0,22500.0,GCC,4.0,4.7,62500.0,4,4
Nissan,Pathfinder SV 3.5L V6,Black,2014.0,166000.0,GCC,6.0,4.3,58000.0,13,3
Jeep,Grand Cherokee Laredo V6,Grey,2014.0,91000.0,GCC,6.0,4.6,72000.0,21,3
Kia,Optima 2.4L,White,2013.0,145000.0,GCC,4.0,4.5,22000.0,3,2
Audi,A7 2.8L V6,Grey,2013.0,58000.0,GCC,6.0,4.3,88000.0,17,4
BMW,X5 XDrive 50i,Grey,2014.0,98500.0,GCC,8.0,5.0,113000.0,25,3
Mercedes,GLS63 AMG,Black,2016.0,30500.0,GCC,8.0,5.0,280000.0,26,5
Land,LR4 HSE 5.0L,White,2012.0,117000.0,GCC,8.0,4.6,54999.0,16,3
Lexus,GX460 Platinum,Grey,2016.0,61000.0,GCC,8.0,4.3,155000.0,24,4
Toyota,Corolla SE 1.6L,Black,2015.0,34500.0,GCC,4.0,4.3,41500.0,15,2
Mercedes,SLK200,Grey,2012.0,103000.0,GCC,4.0,4.7,55000.0,26,2
Honda,City 1.5L,Silver,2013.0,156400.0,GCC,4.0,4.6,17000.0,9,2
Nissan,Tiida SV,White,2016.0,43000.0,GCC,4.0,4.2,42000.0,13,3
Dodge,Durango CITADEL,Grey,2014.0,102400.0,GCC,8.0,4.6,68000.0,11,4
Infiniti,Q50 Turbo,White,2016.0,71500.0,GCC,4.0,4.8,64000.0,20,3
Porsche,Cayenne S,Blue,2011.0,110600.0,GCC,8.0,4.7,78500.0,29,2
Peugeot,308 Sportium,Blue,2013.0,52500.0,GCC,4.0,4.6,16500.0,1,3
Porsche,Macan S 3.0L V6,Gold,2016.0,65400.0,GCC,6.0,4.2,186000.0,29,4
Infiniti,QX70,White,2015.0,57000.0,GCC,6.0,4.3,86000.0,20,3
Mitsubishi,Pajero GLS 3.5L,Blue,2010.0,184800.0,GCC,6.0,4.3,23000.0,6,4
Infiniti,QX56 5.6L,White,2011.0,98000.0,American,8.0,3.8,63000.0,20,3
Audi,A4,White,2014.0,131000.0,GCC,4.0,4.5,35000.0,17,2
Audi,S5 4.2L V8,White,2010.0,118700.0,GCC,8.0,4.6,43500.0,17,2
BMW,X6 4.4TC V8,White,2018.0,600.0,GCC,8.0,4.8,340000.0,25,5
Honda,Accord 2.0 Turbo Sport,Blue,2018.0,20000.0,GCC,4.0,4.8,115000.0,9,5
BMW,M4 M-Kit,White,2015.0,53600.0,GCC,6.0,4.5,229000.0,25,4
Audi,A5 3.2L V6,Grey,2011.0,97200.0,GCC,6.0,4.3,47000.0,17,2
Land,LR4 3.0L,Black,2014.0,60000.0,GCC,6.0,4.6,114000.0,16,4
Toyota,Prado 4.4L V6,Gold,2013.0,114200.0,GCC,6.0,4.3,78000.0,15,3
BMW,420,Blue,2015.0,100500.0,GCC,4.0,4.6,75000.0,25,3
Ford,EcoSport Titanium,Red,2018.0,13000.0,GCC,4.0,5.0,62000.0,12,3
Volkswagen,Beetle Turbo,Black,2015.0,42500.0,American,4.0,4.5,30000.0,4,2
BMW,X5 M,Blue,2017.0,10500.0,GCC,8.0,4.3,295000.0,25,5
Nissan,Altima 2.5L,White,2016.0,61000.0,GCC,4.0,3.8,35000.0,13,2
Honda,CR-V EX 2.4L,Brown,2013.0,152000.0,GCC,4.0,3.6,38000.0,9,2
Audi,A6,Black,2015.0,115000.0,GCC,4.0,4.1,60000.0,17,3
Bmw,330,Blue,2009.0,102500.0,GCC,6.0,4.2,28000.0,22,2
Volkswagen,Touareg SEL,Blue,2015.0,88500.0,GCC,6.0,4.6,85000.0,4,5
Cadillac,ATS Premium performance,Blue,2016.0,40000.0,GCC,6.0,4.2,85000.0,23,3
Ford,Explorer 3.5L V6,Black,2015.0,75000.0,GCC,6.0,4.9,88000.0,12,4
Chevrolet,Camaro LT1 3.6L V6,Silver,2016.0,30500.0,American,6.0,4.8,58500.0,7,3
Land,LR2 HSE,Silver,2012.0,115900.0,GCC,6.0,4.5,45000.0,16,2
Nissan,Patrol SE,Grey,2016.0,43000.0,GCC,8.0,4.5,164000.0,13,4
Ford,Mustang 3.7L V6,Orange,2015.0,78100.0,GCC,6.0,4.3,74000.0,12,3
Dodge,Challenger R/T 5.7L V8,Black,2014.0,59000.0,GCC,8.0,4.3,62000.0,11,4
Jeep,Grand Cherokee Overland 3.6L,Black,2015.0,85000.0,GCC,6.0,4.9,112000.0,21,4
Mercedes,S500,White,2014.0,51900.0,GCC,8.0,4.4,220000.0,26,5
Kia,Soul 2.0L,White,2015.0,84000.0,GCC,4.0,5.0,32500.0,3,3
Jeep,Grand Cherokee 3.6L Limitd,White,2015.0,42000.0,GCC,6.0,4.3,95000.0,21,4
Porsche,911 Carrera S,White,2009.0,144500.0,GCC,6.0,4.3,102000.0,29,3
Audi,Q7,Grey,2013.0,125000.0,GCC,6.0,4.4,65000.0,17,3
Mitsubishi,Pajero GLS 3.5L V6,White,2015.0,74000.0,GCC,6.0,4.3,49000.0,6,4
BMW,316 Luxury edition,Black,2015.0,105000.0,GCC,4.0,4.3,58000.0,25,2
Infiniti,QX80,Blue,2015.0,16900.0,GCC,8.0,4.3,168000.0,20,5
Infiniti,QX70,Blue,2016.0,42500.0,GCC,6.0,4.2,93000.0,20,3
Chevrolet,Camaro SS,White,2014.0,51200.0,GCC,8.0,4.4,70000.0,7,4
Audi,R8 V8 4.2L,Grey,2014.0,76500.0,GCC,8.0,4.8,179000.0,17,5
Toyota,FJ Cruiser 4.0L V6,Black,2012.0,146800.0,GCC,6.0,4.6,67500.0,15,3
Mazda,CX-5 2.5L,Red,2016.0,90500.0,GCC,4.0,4.3,52625.0,5,4
Mazda,3 1.6L,White,2015.0,58000.0,GCC,4.0,4.2,29500.0,5,3
Kia,Soul 1.6L,Red,2011.0,88000.0,GCC,4.0,4.0,13000.0,3,2
Ford,Escape 2.5L,White,2014.0,110000.0,GCC,4.0,5.0,27000.0,12,2
Audi,A5 45TFSI Sline,Black,2015.0,161200.0,GCC,4.0,4.5,75000.0,17,3
Volkswagen,Passat 2.5L,Silver,2015.0,25500.0,GCC,5.0,4.3,40000.0,4,2
Porsche,Cayenne Platinum 3.6L,Brown,2017.0,39000.0,GCC,6.0,4.6,216000.0,29,5
Mazda,CX-7 2.3L,White,2012.0,83000.0,GCC,4.0,4.8,28000.0,5,2
Nissan,Armada LE,White,2013.0,72500.0,GCC,8.0,5.0,59500.0,13,3
Ford,Edge Sport 3.7L,Red,2013.0,76000.0,GCC,6.0,4.9,59500.0,12,3
Nissan,Qashqai 2.0L,Red,2013.0,113500.0,GCC,4.0,3.9,29000.0,13,2
Jaguar,XF Prestige 2.0TC,Red,2016.0,48000.0,GCC,4.0,4.2,85000.0,19,3
Toyota,"86 VTX, 2.0L",Orange,2015.0,103000.0,GCC,4.0,4.5,56500.0,15,3
MINI,Cooper S 2.0TC,Red,2018.0,1700.0,American,4.0,4.6,89000.0,14,4
Nissan,Sunny SV 1.5L,White,2019.0,12500.0,GCC,4.0,4.8,39900.0,13,3
Maserati,Ghibli S,Black,2015.0,40000.0,GCC,6.0,4.1,148000.0,28,3
Toyota,Aurion 3.5L,Silver,2008.0,185000.0,GCC,6.0,4.4,21000.0,15,2
Honda,Pilot Touring 3.5L V6,Black,2015.0,53500.0,GCC,6.0,5.0,75000.0,9,4
Honda,Pilot,White,2013.0,75500.0,GCC,6.0,4.3,52500.0,9,4
Mitsubishi,Lancer GLS 1.6L,White,2016.0,21000.0,GCC,4.0,5.0,32000.0,6,3
Toyota,RAV 4 EX,Black,2016.0,85500.0,GCC,4.0,4.6,59000.0,15,3
Audi,A6 2.0TC,Black,2014.0,104000.0,GCC,4.0,4.6,47500.0,17,2
Chevrolet,Camaro LT2,Red,2010.0,50100.0,Canadian,6.0,3.4,30000.0,7,2
BMW,520,Grey,2016.0,104000.0,GCC,4.0,5.0,88500.0,25,3
Ford,Focus 1.5TC,White,2017.0,16400.0,GCC,4.0,5.0,51000.0,12,3
Mercedes,G63 AMG 5.5TC,Black,2014.0,62500.0,GCC,8.0,4.3,230000.0,26,5
Nissan,Qashqai 2.0L,Grey,2009.0,160000.0,GCC,4.0,3.8,20000.0,13,2
Ford,Expedition Platinum 3.5L V6,Black,2015.0,76000.0,GCC,6.0,4.9,103000.0,12,4
Infiniti,QX60 3.5L V6,White,2014.0,102000.0,GCC,6.0,4.1,76000.0,20,3
Volkswagen,Jetta SE,Grey,2014.0,111700.0,GCC,4.0,4.3,24000.0,4,2
Mercedes,E250 AMG,Black,2016.0,33200.0,GCC,4.0,4.2,126500.0,26,4
Mercedes,CLK200,Black,2008.0,78000.0,GCC,6.0,4.3,22500.0,26,2
Infiniti,QX70 Elite Sport,White,2016.0,61000.0,GCC,6.0,5.0,103150.0,20,4
Jaguar,XF,Grey,2010.0,165500.0,GCC,6.0,4.4,24000.0,19,2
Land,LR2 3.2L I6,White,2011.0,198000.0,GCC,6.0,4.3,22900.0,16,2
Mercedes,C200 2.0TC,White,2015.0,70500.0,GCC,4.0,3.8,110000.0,26,4
Nissan,X-Trail SV,White,2015.0,141700.0,GCC,4.0,4.4,55000.0,13,3
Toyota,Zelas,Silver,2011.0,121000.0,GCC,4.0,3.8,19500.0,15,2
Honda,Pilot 3.5L,Grey,2014.0,140000.0,GCC,6.0,4.5,64650.0,9,4
Mazda,3 1.6L,Red,2018.0,17300.0,GCC,4.0,4.7,57600.0,5,3
Bmw,520 2.0L,Black,2015.0,63500.0,GCC,4.0,4.3,75500.0,22,3
Ford,Mustang GT,White,2014.0,65000.0,GCC,8.0,3.9,60000.0,12,3
Ford,F150 Raptor,White,2017.0,20000.0,GCC,8.0,5.0,290000.0,12,5
Toyota,Fortuner GXR 4.0L,White,2017.0,83000.0,GCC,6.0,4.5,92000.0,15,4
Range,Vogue SE Supercharged,White,2016.0,62000.0,GCC,8.0,4.9,268000.0,27,5
BMW,X5 35I,Black,2016.0,66000.0,GCC,6.0,4.3,148150.0,25,3
BMW,528,Blue,2013.0,66500.0,GCC,4.0,3.9,60000.0,25,2
Mitsubishi,Pajero GLS,Grey,2014.0,121000.0,GCC,6.0,4.3,35000.0,6,4
Nissan,Patrol SE,White,2014.0,66700.0,GCC,8.0,4.5,124000.0,13,4
Renault,Duster 2.0L,White,2015.0,99000.0,GCC,4.0,4.4,21000.0,2,3
Audi,Q7 3.0L,Grey,2015.0,115000.0,GCC,6.0,4.4,75500.0,17,3
Nissan,Patrol Safari,Black,2015.0,105200.0,GCC,6.0,4.3,90000.0,13,4
Mitsubishi,ASX 2.0L,Grey,2013.0,118500.0,GCC,4.0,4.8,30000.0,6,3
Mitsubishi,ASX 2.0L,White,2017.0,27500.0,GCC,4.0,5.0,42100.0,6,3
Dodge,Charger RT,Blue,2017.0,39500.0,GCC,8.0,4.6,129000.0,11,5
MINI,Cooper JCW 2.0L,Green,2016.0,43000.0,GCC,4.0,4.3,82000.0,14,4
Toyota,Corolla XLI,White,2012.0,74500.0,GCC,4.0,4.2,25000.0,15,2
GMC,Sierra Denali 6.2L,Black,2015.0,93500.0,GCC,8.0,4.7,100500.0,18,4
Nissan,370Z 3.7L,Silver,2014.0,123000.0,GCC,6.0,3.9,49000.0,13,3
Audi,TT Sline,Grey,2016.0,51000.0,GCC,4.0,4.3,110000.0,17,4
Infiniti,QX30 2.0L,Grey,2018.0,35000.0,GCC,4.0,4.9,112000.0,20,4
Nissan,Pathfinder 3.5L,Grey,2015.0,68000.0,GCC,6.0,4.2,48500.0,13,3
Bmw,530,White,2012.0,192860.0,GCC,6.0,4.9,41000.0,22,2
Porsche,Boxster S 3.4L F6,Black,2014.0,77000.0,GCC,6.0,5.0,126000.0,29,3
Mazda,2 V Grade 1.5L,Silver,2014.0,66000.0,GCC,4.0,4.6,20000.0,5,2
Mercedes,C200,Black,2015.0,81000.0,GCC,4.0,4.7,93500.0,26,3
Volkswagen,Golf GTI 2.0L,Black,2015.0,160000.0,GCC,4.0,4.5,48500.0,4,3
Mitsubishi,Attrage 1.2L,White,2017.0,29500.0,GCC,4.0,4.9,24000.0,6,2
Kia,Cerato Koup,Red,2017.0,36500.0,GCC,4.0,5.0,57000.0,3,4
Lexus,RX350 Prestige,White,2016.0,35000.0,GCC,6.0,4.7,140000.0,24,4
Chevrolet,Malibu LTZ 2.0TC,Burgundy,2017.0,58000.0,GCC,4.0,4.7,63000.0,7,3
Audi,Q7 V6,Gold,2014.0,115500.0,GCC,6.0,4.7,89000.0,17,4
BMW,740 3.0L V6,White,2011.0,150000.0,GCC,6.0,4.4,42500.0,25,2
Honda,CR-V 2.4L,Burgundy,2017.0,61000.0,GCC,4.0,5.0,80000.0,9,3
BMW,520,Brown,2015.0,67000.0,GCC,4.0,4.3,83000.0,25,3
Jaguar,XJ 3.0 SC,White,2015.0,80000.0,GCC,6.0,4.7,135000.0,19,4
Nissan,Tiida 1.8L,White,2013.0,110000.0,GCC,4.0,4.1,22000.0,13,2
Volvo,V40 T5,Blue,2016.0,89000.0,GCC,4.0,5.0,58000.0,10,3
BMW,M3,White,2011.0,138000.0,GCC,8.0,4.2,78000.0,25,3
Nissan,Patrol LE Platinum V8,Silver,2018.0,31000.0,GCC,8.0,5.0,235000.0,13,5
BMW,X5 xDrive 35i,Silver,2016.0,38000.0,GCC,6.0,4.9,169500.0,25,4
Infiniti,QX50 3.7L,Burgundy,2015.0,78000.0,GCC,6.0,4.5,69000.0,20,3
BMW,740 3.0TC,Black,2014.0,136000.0,GCC,6.0,4.6,80000.0,25,3
Mazda,6 2.0L,Blue,2014.0,140000.0,GCC,4.0,4.3,30000.0,5,2
Peugeot,207 1.6L,Red,2011.0,110900.0,GCC,4.0,3.9,12000.0,1,2
Mazda,6 V Grade 2.5L,Blue,2017.0,27500.0,GCC,4.0,5.0,67500.0,5,5
Mitsubishi,Pajero GLS,Brown,2016.0,30000.0,GCC,6.0,4.3,58000.0,6,4
Range,Vogue,Green,2009.0,82000.0,GCC,8.0,3.5,35000.0,27,1
Audi,A5 Quattro 3.0 V6,Blue,2014.0,83000.0,GCC,6.0,4.5,113500.0,17,4
Jaguar,XE Prestige 2.0L,White,2016.0,38500.0,GCC,4.0,3.9,75000.0,19,3
Honda,Accord 2.4L,White,2008.0,90000.0,American,4.0,3.6,18000.0,9,1
Toyota,FJ Cruiser Extreme,White,2014.0,65000.0,GCC,6.0,5.0,85000.0,15,4
BMW,X3 3.0TC,Black,2017.0,49500.0,GCC,6.0,4.9,145000.0,25,4
Maserati,Granturismo 4.2L V8,Black,2012.0,75000.0,GCC,8.0,4.6,115000.0,28,3
Nissan,Maxima SV,Black,2013.0,105000.0,GCC,6.0,4.0,40000.0,13,3
Land,LR2 HSE,Gold,2011.0,172000.0,GCC,6.0,3.8,26000.0,16,2
MINI,Cooper,Orange,2014.0,25400.0,GCC,4.0,4.1,49625.0,14,2
BMW,430 i,White,2018.0,38000.0,American,6.0,4.5,98000.0,25,3
Kia,Sorento 3.3L,White,2016.0,31000.0,GCC,6.0,4.4,80000.0,3,5
Kia,Cerato Koup 2.0L,White,2015.0,89300.0,GCC,4.0,4.9,37000.0,3,3
Ford,Edge SE,Black,2013.0,108500.0,GCC,6.0,4.8,45000.0,12,3
Land,LR4,Grey,2012.0,150500.0,GCC,8.0,4.0,56000.0,16,3
Volkswagen,Passat 2.5L,White,2014.0,135400.0,GCC,5.0,4.2,26000.0,4,2
Ford,F150 Lariat(Top),Silver,2016.0,73000.0,GCC,8.0,4.3,110000.0,12,4
Porsche,Macan 3.0L,Grey,2018.0,13000.0,GCC,6.0,4.9,223500.0,29,5
Jaguar,XF Luxury,Black,2015.0,64000.0,GCC,4.0,4.3,67500.0,19,3
Kia,Rio 1.4L,Silver,2016.0,74000.0,GCC,4.0,4.9,28000.0,3,2
Renault,Duster 2.0L,Brown,2014.0,104000.0,GCC,4.0,3.9,14000.0,2,3
Volkswagen,Passat,Blue,2016.0,62300.0,GCC,4.0,4.3,65000.0,4,3
Lexus,GX460,Brown,2012.0,182180.0,GCC,8.0,4.3,72000.0,24,3
Range,Evoque SE 2.0TC,Black,2018.0,17000.0,GCC,4.0,5.0,160000.0,27,4
Audi,S5,Blue,2017.0,46000.0,GCC,6.0,4.8,165000.0,17,5
Toyota,Sequoia 5.7L V8,Black,2009.0,152036.0,GCC,8.0,4.7,47000.0,15,3
Infiniti,QX70 3.7L,Blue,2016.0,72000.0,GCC,6.0,4.5,85000.0,20,3
Jaguar,F-Type R 5.0SC V8,White,2016.0,38000.0,GCC,8.0,4.4,190000.0,19,4
Nissan,Pathfinder SV 3.5L,Gold,2014.0,68000.0,GCC,6.0,4.1,52500.0,13,3
Jaguar,XF Pure 3.0L V6,Blue,2009.0,205000.0,GCC,6.0,4.1,20000.0,19,1
Porsche,Cayenne GTS,Blue,2016.0,131000.0,GCC,6.0,4.2,154000.0,29,4
Nissan,Sentra 1.8 S,White,2013.0,92500.0,GCC,4.0,4.5,24500.0,13,2
Nissan,Pathfinder 3.5L,White,2016.0,61500.0,GCC,6.0,4.7,61000.0,13,3
BMW,420 Sport,White,2016.0,39000.0,GCC,4.0,4.3,101000.0,25,3
Honda,Pilot EX 3.5L,Red,2016.0,89500.0,GCC,6.0,4.3,76000.0,9,4
Audi,A6 35 TFSI,White,2015.0,117000.0,GCC,4.0,4.6,55500.0,17,3
Porsche,Cayenne S 4.8L V8,Brown,2014.0,68500.0,GCC,8.0,4.7,123000.0,29,3
Volkswagen,CC Sport,Brown,2015.0,168600.0,GCC,4.0,3.5,35000.0,4,3
MINI,Cooper 1.5TC,Red,2017.0,77000.0,GCC,3.0,4.7,66500.0,14,3
Mercedes,AMG GT S 4.0TC,Grey,2016.0,42000.0,European,8.0,4.1,294000.0,26,5
Land,LR2,Black,2013.0,180500.0,GCC,4.0,4.1,42000.0,16,2
Nissan,Pathfinder 3.5L V6,Blue,2015.0,141000.0,GCC,6.0,4.6,52500.0,13,3
Infiniti,G25,Grey,2012.0,188000.0,GCC,6.0,4.0,22000.0,20,2
Nissan,X-Trail S,Red,2017.0,80000.0,GCC,4.0,5.0,58000.0,13,3
BMW,X6 XDrive 35i,Blue,2013.0,118000.0,GCC,6.0,4.3,65000.0,25,2
Volvo,XC90 Inscription plus 3.2L,Blue,2012.0,129000.0,GCC,6.0,3.6,52500.0,10,3
Toyota,Prado 4.0L V6,Grey,2018.0,24400.0,GCC,6.0,5.0,163000.0,15,5
Cadillac,Escalade Platinum,Black,2017.0,30000.0,GCC,8.0,4.9,256500.0,23,5
Lexus,IS350 F Sport 3.5,White,2015.0,80500.0,GCC,6.0,4.3,103000.0,24,3
Range,Evoque HSE Si4,Grey,2017.0,15800.0,GCC,4.0,4.6,146000.0,27,3
Jeep,Wrangler Sport,White,2016.0,34000.0,GCC,6.0,5.0,75000.0,21,3
Honda,Accord LX,Gold,2013.0,143000.0,GCC,4.0,4.6,34000.0,9,2
Mercedes,ML350 4Matic,White,2011.0,91000.0,GCC,6.0,4.7,73500.0,26,3
Jeep,Grand Cherokee Limited 3.6L,Red,2015.0,131000.0,GCC,6.0,4.9,88000.0,21,4
Chevrolet,Spark 1.0L,Red,2012.0,56500.0,GCC,4.0,3.5,12500.0,7,2
Honda,Civic 1.8L,White,2015.0,119000.0,GCC,4.0,4.7,34600.0,9,2
Range,Vogue Supercharged,Black,2013.0,122000.0,GCC,8.0,4.3,184000.0,27,4
Range,Sport Supercharged,Red,2009.0,121832.0,GCC,8.0,4.0,30000.0,27,2
Nissan,Altima 2.5L,White,2014.0,139000.0,GCC,4.0,3.9,26000.0,13,2
Dodge,Charger SXT,Blue,2015.0,95500.0,GCC,6.0,4.3,65000.0,11,4
Jaguar,XJ L,Black,2013.0,171000.0,GCC,4.0,3.8,53000.0,19,2
Ford,Figo,White,2015.0,94500.0,GCC,4.0,4.6,14000.0,12,2
Mercedes,A250 Sport,Grey,2017.0,66000.0,GCC,4.0,4.9,90000.0,26,3
Mitsubishi,Lancer EX,Black,2015.0,130000.0,GCC,4.0,4.6,24000.0,6,3
Mercedes,A250,Grey,2015.0,86000.0,GCC,4.0,4.9,73000.0,26,3
Mazda,6 R Grade 2.5L,Grey,2017.0,14500.0,GCC,4.0,4.9,79000.0,5,5
Nissan,Sentra 1.8L,Silver,2013.0,144000.0,GCC,4.0,3.9,19500.0,13,2
BMW,428,Silver,2015.0,84000.0,GCC,4.0,4.7,110000.0,25,3
Volkswagen,Golf GTI,White,2012.0,155000.0,GCC,4.0,3.9,30000.0,4,3
Lexus,UX200,Grey,2019.0,7000.0,GCC,4.0,5.0,120000.0,24,4
Porsche,Cayenne S,Grey,2008.0,173500.0,GCC,6.0,3.9,28000.0,29,2
Range,Vogue SE Supercharged 5.0SC,White,2015.0,30500.0,American,6.0,3.6,202000.0,27,4
BMW,420 Sport,Blue,2015.0,88700.0,GCC,4.0,4.5,80000.0,25,3
BMW,318 1.5L,Black,2018.0,26500.0,GCC,3.0,4.9,79000.0,25,3
Porsche,Cayenne S,Grey,2012.0,64000.0,GCC,8.0,5.0,92000.0,29,2
Chevrolet,Camaro ZL1,White,2013.0,77300.0,GCC,8.0,4.6,88000.0,7,4
Chevrolet,Trax LT 1.8L,White,2017.0,23000.0,GCC,4.0,5.0,40000.0,7,3
Chevrolet,Traverse LTZ,White,2014.0,111000.0,GCC,6.0,4.0,49500.0,7,3
BMW,730,Silver,2008.0,97000.0,GCC,6.0,3.6,33000.0,25,2
Infiniti,QX60 3.5L,Silver,2014.0,86000.0,GCC,6.0,4.6,68000.0,20,3
Mitsubishi,Attrage 1.2L,White,2017.0,49000.0,GCC,3.0,4.9,23000.0,6,2
Mercedes,A250 2.0TC,Black,2013.0,140000.0,GCC,4.0,3.9,45000.0,26,2
Renault,Duster PE 2.0L,Gold,2016.0,88000.0,GCC,4.0,3.8,30100.0,2,4
Mercedes,GLK350,Grey,2013.0,120400.0,GCC,6.0,4.0,66000.0,26,2
Honda,Accord EX-B 2.4L,White,2015.0,95000.0,GCC,4.0,4.1,60000.0,9,3
Ford,Mustang 3.7L V6,Blue,2012.0,67000.0,American,6.0,3.8,23000.0,12,3
Renault,Clio Sport 2.0 L,Red,2009.0,86000.0,GCC,4.0,3.8,18000.0,2,3
Peugeot,207 RC,Black,2008.0,103000.0,GCC,4.0,4.0,8500.0,1,1
Mercedes,C350,Black,2012.0,51000.0,American,6.0,3.6,28000.0,26,2
Ford,Explorer XLT,Blue,2016.0,51000.0,GCC,6.0,4.8,100000.0,12,3
Mercedes,E250,Black,2012.0,178500.0,GCC,4.0,4.6,40000.0,26,3
Land,LR2 HSE,Silver,2009.0,159500.0,GCC,6.0,4.0,29500.0,16,2
Mitsubishi,Pajero GLS 3.5L,Grey,2009.0,181000.0,GCC,6.0,4.1,24000.0,6,4
BMW,428,Black,2015.0,57000.0,GCC,4.0,4.8,95000.0,25,3
Bmw,650 3.0L,White,2009.0,171800.0,GCC,6.0,4.1,30000.0,22,2
Nissan,Tiida SV 1.6L,Red,2015.0,127000.0,GCC,4.0,4.6,27000.0,13,2
Toyota,Corolla SE,Grey,2013.0,153000.0,GCC,4.0,3.4,22000.0,15,2
Honda,CR-V EXL,White,2013.0,113000.0,GCC,4.0,4.9,55000.0,9,3
Mercedes,C200 1.8TC,Black,2013.0,107000.0,GCC,4.0,3.9,43000.0,26,2
Toyota,Land Cruiser GX.R 4.0L V6,Grey,2012.0,135000.0,GCC,6.0,4.5,93100.0,15,4
Ford,Taurus 3.5L V6,Black,2011.0,113000.0,GCC,6.0,4.3,20000.0,12,2
Honda,Accord 2.4L,Gold,2013.0,137000.0,GCC,4.0,4.2,32000.0,9,1
Porsche,Panamera,Black,2011.0,116000.0,GCC,6.0,4.4,80500.0,29,2
Jaguar,XE Prestige 2.0TC,Silver,2016.0,49000.0,GCC,4.0,4.3,80000.0,19,3
Nissan,Sunny 1.5L,Silver,2016.0,57500.0,GCC,4.0,4.6,20500.0,13,2
Ford,Focus 1.6L,White,2013.0,85000.0,GCC,4.0,4.1,20000.0,12,2
Volkswagen,CC,Grey,2015.0,103000.0,GCC,4.0,4.3,45000.0,4,3
Ford,Edge Limited,Red,2013.0,182000.0,GCC,6.0,4.9,38000.0,12,2
Toyota,Yaris SE+,White,2015.0,92000.0,GCC,4.0,4.2,25000.0,15,2
Ford,Mustang V6,White,2017.0,25000.0,GCC,6.0,4.6,86000.0,12,4
Ford,Expedition,Silver,2011.0,170000.0,GCC,8.0,4.6,24000.0,12,3
Bmw,528 2.0TC,Black,2015.0,67000.0,GCC,4.0,4.6,90000.0,22,3
Ford,Mustang 3.7L,Black,2013.0,121170.0,American,6.0,4.0,24000.0,12,2
Volkswagen,Touareg,Silver,2014.0,148800.0,GCC,6.0,3.6,56000.0,4,4
Audi,Q7,White,2013.0,146000.0,GCC,6.0,4.6,67000.0,17,3
Mercedes,ML350,White,2013.0,118000.0,GCC,6.0,4.7,75000.0,26,3
Audi,Q5 40 TFSI quattro,Silver,2015.0,45500.0,GCC,4.0,4.5,83000.0,17,4
Volvo,XC60 T6 3.0L V6,Silver,2010.0,120500.0,GCC,6.0,4.3,30000.0,10,2
Toyota,Prado TXL,Silver,2013.0,56300.0,GCC,4.0,4.6,65000.0,15,3
Volkswagen,Golf GTI,Black,2014.0,104500.0,GCC,4.0,4.9,47100.0,4,3
Nissan,Patrol Platinum,Gold,2015.0,48100.0,GCC,8.0,4.5,188000.0,13,5
Mitsubishi,Pajero 3.5L,Silver,2012.0,145000.0,GCC,6.0,4.6,29000.0,6,4
BMW,520,Black,2016.0,50000.0,GCC,4.0,4.5,94000.0,25,3
Ford,Edge Limited,Black,2012.0,201500.0,GCC,6.0,4.5,28000.0,12,2
Honda,Pilot 3.5L V6,White,2015.0,65000.0,GCC,6.0,4.2,69500.0,9,4
Mercedes,ML350,White,2014.0,83000.0,GCC,6.0,4.5,110000.0,26,3
Range,Evoque SE,Black,2016.0,74500.0,GCC,4.0,4.7,110000.0,27,3
BMW,520,Silver,2015.0,61500.0,GCC,4.0,4.2,79000.0,25,3
Honda,City LX 1.5L,Black,2017.0,74000.0,GCC,4.0,4.2,35500.0,9,2
Nissan,Pathfinder SV,Red,2015.0,64500.0,GCC,6.0,4.1,70000.0,13,3
Mazda,2,Gold,2015.0,54000.0,GCC,4.0,4.3,20000.0,5,2
BMW,X3 XDrive 28i,Blue,2015.0,113000.0,GCC,4.0,4.6,95000.0,25,3
Nissan,Maxima 3.5L,White,2012.0,198000.0,American,6.0,3.4,23000.0,13,2
Maserati,Quattroporte S(mid),Silver,2014.0,43000.0,GCC,6.0,4.7,133000.0,28,3
Range,Sport HSE,Black,2013.0,131000.0,GCC,8.0,4.7,65000.0,27,4
Audi,Q7 V6T 45 TFSI SLine,Grey,2011.0,111500.0,GCC,6.0,4.9,57500.0,17,3
Mitsubishi,Pajero GLS 3.7L,Black,2015.0,47000.0,GCC,6.0,4.1,62000.0,6,5
Porsche,Cayenne,Silver,2011.0,150500.0,GCC,6.0,4.0,65000.0,29,1
Audi,Q7 45TFSI,White,2013.0,121500.0,GCC,6.0,4.6,62000.0,17,3
Mitsubishi,Pajero GLS 3.8L,Silver,2013.0,161000.0,GCC,6.0,4.2,32000.0,6,4
Volkswagen,Tiguan SEL 2.0L,Grey,2015.0,40000.0,GCC,4.0,4.4,62500.0,4,4
Honda,CR-V 2.4L,Brown,2016.0,100500.0,GCC,4.0,5.0,62000.0,9,3
Nissan,Patrol SE 5.6L,White,2013.0,105000.0,GCC,8.0,4.4,83000.0,13,4
Nissan,Maxima 3.5L,Grey,2013.0,139500.0,GCC,6.0,4.4,42100.0,13,2
Infiniti,Q70 Sport,Grey,2015.0,71900.0,GCC,6.0,4.6,65650.0,20,3
Nissan,Kicks SL,Brown,2017.0,14200.0,GCC,4.0,4.6,52500.0,13,3
Audi,Q7 45 TFSI S line,Black,2011.0,109000.0,GCC,6.0,3.8,49500.0,17,2
GMC,Yukon Denali,Black,2010.0,197000.0,GCC,8.0,5.0,39000.0,18,3
Mazda,6 R Grade 2.5L,Blue,2016.0,47000.0,GCC,4.0,4.3,72625.0,5,5
Ford,Edge 3.5L Limited,White,2008.0,99000.0,GCC,6.0,4.6,20000.0,12,2
Jaguar,XF I4 Turbo Luxury 2.0TC,White,2015.0,80000.0,GCC,4.0,4.5,63000.0,19,3
Mitsubishi,Pajero GLS 3.5L,Black,2015.0,116000.0,GCC,6.0,4.2,38000.0,6,4
Volkswagen,Jetta 2.0L,White,2013.0,104200.0,GCC,4.0,4.1,20000.0,4,2
Nissan,Juke 1.6L,Yellow,2016.0,54000.0,GCC,4.0,4.2,44000.0,13,3
Bmw,328,White,2011.0,129500.0,American,6.0,4.0,18000.0,22,1
Mercedes,C200,White,2013.0,157300.0,GCC,4.0,4.0,38000.0,26,3
Jeep,Wrangler Sahara 3.6L,Green,2013.0,153000.0,GCC,6.0,4.4,53650.0,21,3
Infiniti,Q50 S 3.7L,Black,2016.0,45000.0,GCC,6.0,4.3,86000.0,20,3
Mercedes,ML400,Silver,2015.0,38000.0,GCC,6.0,4.6,135000.0,26,4
GMC,Acadia SLT V6,White,2009.0,120000.0,GCC,6.0,4.3,26000.0,18,1
Lexus,ES350,Silver,2010.0,105214.0,American,6.0,3.8,27000.0,24,2
Mercedes,G55 AMG,White,2010.0,101000.0,GCC,8.0,4.0,122000.0,26,4
Maserati,Levante S,White,2017.0,45000.0,European,6.0,4.7,210000.0,28,5
Cadillac,CTS Luxury,White,2014.0,80200.0,GCC,6.0,4.8,75000.0,23,3
Honda,CR-V LX,Burgundy,2017.0,18000.0,GCC,4.0,5.0,75000.0,9,4
Nissan,Murano SL,Grey,2015.0,52500.0,GCC,6.0,4.1,53500.0,13,3
Honda,CR-V LX 2.4L,Grey,2013.0,89000.0,GCC,4.0,4.6,40000.0,9,2
Nissan,Sunny SV,Silver,2016.0,3000.0,GCC,4.0,4.8,29500.0,13,2
Jeep,Wrangler Sport 3.6L,White,2017.0,38000.0,GCC,6.0,4.8,76500.0,21,3
Honda,City 1.5L,Red,2017.0,20000.0,GCC,4.0,5.0,43000.0,9,2
Range,Sport,Grey,2013.0,59651.0,American,8.0,3.5,60000.0,27,3
Hyundai,i30,Black,2013.0,147000.0,GCC,4.0,4.6,21500.0,8,2
Chevrolet,Cruze LS,Grey,2016.0,20500.0,GCC,4.0,4.0,29850.0,7,2
Mazda,2,Grey,2016.0,112400.0,GCC,4.0,4.6,30000.0,5,2
Infiniti,Q50,Silver,2017.0,19000.0,GCC,6.0,4.6,104000.0,20,4
MINI,Cooper Turbo,Yellow,2015.0,23000.0,GCC,4.0,4.3,57000.0,14,3
Lexus,LX570,White,2010.0,163000.0,GCC,8.0,4.2,120000.0,24,4
Ford,Escape 2.5L,Grey,2015.0,85000.0,GCC,4.0,4.0,52500.0,12,2
Land,Discovery Sport HSE,Grey,2016.0,55000.0,GCC,4.0,5.0,118000.0,16,4
Audi,A5 45 TFSI Quattro,White,2013.0,115800.0,GCC,6.0,4.8,64000.0,17,3
Porsche,Cayenne GTS 3.6L V6,White,2016.0,50000.0,GCC,6.0,4.1,239000.0,29,5
Ford,Explorer Sport,Grey,2017.0,24500.0,GCC,6.0,5.0,145000.0,12,4
Porsche,Cayenne S,Black,2008.0,192700.0,GCC,6.0,4.3,30000.0,29,2
Volkswagen,Golf R,Grey,2015.0,72700.0,GCC,4.0,4.8,75000.0,4,5
Nissan,Patrol SE 5.6L,White,2013.0,67000.0,GCC,8.0,4.3,111000.0,13,4
Nissan,Murano 3.5L V6,Black,2008.0,180000.0,GCC,6.0,3.6,16500.0,13,2
Nissan,Altima SV 2.5L,Black,2017.0,51000.0,GCC,4.0,4.0,55000.0,13,3
Infiniti,QX50 3.7L V6,Black,2014.0,31000.0,GCC,6.0,4.9,62500.0,20,3
Lexus,RX350 3.5L V6,Grey,2013.0,79900.0,GCC,6.0,4.3,78000.0,24,3
Ford,Focus 1.6L,Silver,2014.0,95800.0,GCC,4.0,4.7,24500.0,12,2
MINI,Cooper 1.6L,Red,2011.0,85000.0,American,4.0,4.3,21000.0,14,1
BMW,X5 35i,Black,2016.0,39500.0,GCC,6.0,4.6,220000.0,25,5
Lexus,IS300 3.0L,Black,2014.0,49000.0,GCC,6.0,4.5,75000.0,24,3
Volkswagen,Jetta 1.6L,Blue,2009.0,123000.0,GCC,4.0,4.4,15000.0,4,1
BMW,420 2.0L,Red,2015.0,33000.0,GCC,4.0,4.7,86000.0,25,3
Honda,Civic 1.6L,White,2018.0,26800.0,GCC,4.0,4.8,69000.0,9,4
Nissan,Patrol Platinum,White,2018.0,5000.0,GCC,6.0,4.8,210000.0,13,5
Bmw,X5 50i,White,2016.0,39600.0,GCC,8.0,4.1,180000.0,22,5
Mercedes,C200,Black,2013.0,114500.0,GCC,6.0,4.9,50000.0,26,3
Toyota,Prado VX.R 4.0L V6,Brown,2016.0,90500.0,GCC,6.0,5.0,125000.0,15,4
Audi,A7 Quattro,White,2013.0,117300.0,GCC,6.0,4.9,80000.0,17,4
Porsche,Boxster S,Black,2015.0,30000.0,GCC,6.0,4.3,163000.0,29,4
BMW,X5 50i,White,2016.0,60000.0,GCC,8.0,4.9,178500.0,25,5
Nissan,Pathfinder 3.5L,White,2016.0,105000.0,GCC,6.0,4.8,69000.0,13,3
Nissan,X-Trail 2.5L 4WD,Green,2017.0,37000.0,GCC,4.0,4.8,65000.0,13,3
Toyota,Camry GLX,White,2009.0,194900.0,GCC,4.0,3.5,18000.0,15,2
Volkswagen,Golf R,White,2015.0,72000.0,GCC,4.0,4.5,80000.0,4,5
Mitsubishi,Lancer 2.0L,Grey,2016.0,35000.0,GCC,4.0,4.0,22000.0,6,2
Nissan,Tiida 1.6L,Silver,2015.0,76000.0,GCC,4.0,4.2,26000.0,13,2
Infiniti,FX35,Black,2008.0,143000.0,GCC,6.0,3.2,21000.0,20,1
Nissan,X-Trail 2.5L,Red,2017.0,29000.0,GCC,4.0,5.0,65000.0,13,3
Volkswagen,Beetle,Red,1974.0,74000.0,European,4.0,3.5,18000.0,4,2
Honda,CR-V EX 2.4L,Silver,2009.0,86000.0,GCC,4.0,4.1,30000.0,9,2
Toyota,Yaris 1.5L,White,2016.0,102000.0,GCC,4.0,3.9,28000.0,15,2
Mitsubishi,Lancer 1.6L,Grey,2012.0,191000.0,GCC,4.0,3.9,13500.0,6,1
Dodge,Challenger SXT,Black,2018.0,2600.0,American,6.0,3.8,78625.0,11,4
Hyundai,Genesis 3.8L,Black,2016.0,46000.0,American,6.0,4.0,63000.0,8,4
Renault,Safrane 2.0L,Gold,2009.0,147000.0,GCC,4.0,3.8,10000.0,2,1
Nissan,Patrol 5.6L Platinum,White,2014.0,57000.0,GCC,8.0,4.2,125500.0,13,4
Cadillac,XT5,White,2017.0,26000.0,GCC,8.0,4.4,125000.0,23,4
Mercedes,ML350 4MATIC,Black,2014.0,90800.0,GCC,6.0,4.6,85000.0,26,3
Ford,Mustang Ecoboost,Blue,2017.0,79000.0,GCC,4.0,4.6,80000.0,12,3
Nissan,Patrol 5.6L,Silver,2010.0,155000.0,GCC,8.0,4.2,80000.0,13,4
Range,Sport SUPERCHARGED,White,2008.0,183000.0,GCC,8.0,3.8,35000.0,27,2
Toyota,Camry 2.0L GLX,White,2015.0,89000.0,GCC,4.0,3.3,28000.0,15,2
Ford,Escape 2.5L,Orange,2015.0,152000.0,GCC,4.0,4.6,32000.0,12,2
Toyota,Corolla LE,White,2014.0,73200.0,American,4.0,3.3,25000.0,15,2
Infiniti,Q30,Black,2017.0,21000.0,GCC,4.0,5.0,81000.0,20,3
Toyota,Corolla 2.0L. SE,White,2015.0,135000.0,GCC,4.0,4.3,32000.0,15,2
BMW,650 4.4Turbo,White,2013.0,96000.0,GCC,8.0,4.6,110000.0,25,3
Jaguar,XJ 5.0L,Burgundy,2011.0,124000.0,GCC,8.0,3.6,51000.0,19,2
Toyota,86 VTX 2.0L,Silver,2014.0,60000.0,GCC,4.0,4.6,52625.0,15,3
Chevrolet,Aveo 1.4L,White,2014.0,150000.0,GCC,4.0,3.5,9500.0,7,2
Chevrolet,Trailblazer LTZ,Red,2013.0,105900.0,GCC,6.0,4.6,39000.0,7,3
Nissan,Tiida 1.6L,Blue,2015.0,64000.0,GCC,4.0,4.1,26700.0,13,2
Nissan,Sunny 1.5L,Silver,2014.0,148200.0,GCC,4.0,4.0,16500.0,13,2
Mazda,6 Ultra 2.5L,Black,2012.0,79000.0,GCC,4.0,3.5,24000.0,5,2
Mercedes,CL550,Black,2008.0,147800.0,Japanese,8.0,4.2,38000.0,26,2
Ford,Explorer 3.6L. Limited,Brown,2016.0,48000.0,GCC,6.0,4.2,100000.0,12,4
Nissan,Patrol Titanium,Grey,2017.0,57500.0,GCC,8.0,4.7,185000.0,13,5
Ford,Expedition Eddie Bauer,Black,2008.0,162000.0,GCC,8.0,4.3,25000.0,12,2
Nissan,Pathfinder 4.0L,Silver,2015.0,92000.0,GCC,6.0,4.3,51000.0,13,3
Nissan,Tiida 1.8L,White,2011.0,173000.0,GCC,4.0,3.6,13575.0,13,2
Honda,CR-V 2.4L,Blue,2015.0,110000.0,GCC,4.0,4.2,50000.0,9,3
Nissan,Qashqai SE. 2.0L,Silver,2012.0,71000.0,GCC,4.0,3.9,25000.0,13,2
Peugeot,207 1.6L,Silver,2009.0,122000.0,GCC,4.0,3.8,14000.0,1,2
Dodge,Nitro SXT,White,2011.0,176000.0,GCC,6.0,3.2,10000.0,11,2
Volvo,XC60 T5,Brown,2014.0,125000.0,GCC,4.0,4.2,45000.0,10,3
BMW,X5 50i,Brown,2011.0,164000.0,GCC,8.0,4.4,41000.0,25,5
Honda,Accord 2.4L,White,2012.0,109900.0,American,4.0,3.8,18000.0,9,1
Porsche,911 4S 3.6 L,White,2011.0,12334.0,GCC,6.0,4.3,180000.0,29,4
Ford,Explorer XLT,Black,2013.0,162000.0,GCC,6.0,4.0,35000.0,12,3
Ford,Edge 3.5L,Red,2016.0,14000.0,GCC,6.0,4.9,102000.0,12,4
Lexus,GX460,White,2015.0,75000.0,GCC,8.0,4.3,124000.0,24,3
Nissan,Tiida 1.8L,Silver,2011.0,72000.0,GCC,4.0,3.9,18575.0,13,2
Ford,Expedition,Silver,2012.0,143300.0,GCC,8.0,4.6,32000.0,12,3
Volkswagen,Touareg SE,Grey,2009.0,186500.0,GCC,6.0,3.5,26000.0,4,2
Kia,Rio 1.4L,Brown,2012.0,191000.0,GCC,4.0,4.2,16500.0,3,2
Audi,TT 2.0T,Silver,2008.0,80000.0,GCC,4.0,3.8,28000.0,17,2
Mitsubishi,Outlander 2.4L AWD,Silver,2016.0,84000.0,GCC,4.0,4.3,42100.0,6,4
Ford,Mustang GT,Red,2012.0,69000.0,GCC,8.0,4.1,42500.0,12,3
Jaguar,XF 3.0L,Red,2011.0,154000.0,GCC,6.0,3.6,20000.0,19,2
Peugeot,408 1.6 L,Blue,2012.0,111000.0,GCC,4.0,4.1,11000.0,1,2
Renault,Captur 1.2L Turbo,Orange,2016.0,42000.0,GCC,4.0,4.2,35000.0,2,5
Chevrolet,Silverado 5.3L Z71,White,2012.0,112000.0,GCC,8.0,4.1,37000.0,7,3
Nissan,Versa SV,Silver,2015.0,34186.0,American,4.0,4.0,18000.0,13,2
Renault,Captur,Orange,2016.0,105000.0,GCC,4.0,4.2,28000.0,2,4
Toyota,FJ Cruiser VXR 4.0L,White,2014.0,135000.0,GCC,6.0,4.8,67000.0,15,3
Hyundai,Sonata 2.4L,Black,2015.0,35000.0,GCC,4.0,4.9,45000.0,8,3
Dodge,Challenger 3.6L,Black,2012.0,64000.0,GCC,6.0,4.6,47000.0,11,4
Toyota,Corolla GLI,Grey,2009.0,144000.0,GCC,4.0,3.9,16000.0,15,1
Renault,Symbol 1.6L,White,2016.0,99000.0,GCC,4.0,4.2,17500.0,2,2
Peugeot,207 RC,White,2009.0,108000.0,GCC,4.0,3.8,9000.0,1,1
Chevrolet,Traverse 3.6L V6,Silver,2015.0,136000.0,GCC,6.0,4.7,40000.0,7,3
Audi,Q3,White,2015.0,43300.0,GCC,4.0,3.9,59000.0,17,3
Audi,A6 1.8 Turbo,White,2014.0,135000.0,GCC,4.0,4.6,54000.0,17,3
Lexus,IS250 F sport,Black,2015.0,58000.0,American,6.0,4.3,64000.0,24,3
Infiniti,Q60,Black,2016.0,89500.0,GCC,6.0,4.2,85000.0,20,3
Mazda,3 1.6L,Blue,2017.0,30000.0,GCC,4.0,4.6,51000.0,5,3
Ford,F150 XLT,Black,2015.0,56000.0,GCC,8.0,4.1,115000.0,12,4
Ford,Edge 3.5L Limited,Black,2009.0,167000.0,GCC,6.0,3.2,12000.0,12,2
Ford,Focus 1.6L,Silver,2013.0,153000.0,GCC,4.0,3.9,14500.0,12,2
Honda,CR-V EX AWD 5- Speed,Gold,2009.0,154000.0,GCC,4.0,3.9,26000.0,9,2
Range,Sport SE,Brown,2013.0,120000.0,GCC,8.0,4.2,72500.0,27,2
Honda,Accord 2.4L,Grey,2010.0,168000.0,GCC,4.0,3.6,21000.0,9,1
Ford,Taurus 3.5L,Black,2011.0,157000.0,GCC,6.0,4.0,22000.0,12,2
Honda,Accord Crosstour EX,Blue,2011.0,136600.0,GCC,6.0,4.6,26000.0,9,2
Jaguar,XF 3.0L,Red,2009.0,161000.0,GCC,6.0,3.8,18000.0,19,2
Honda,City 1.5L,Black,2017.0,33000.0,GCC,4.0,5.0,42000.0,9,2
Nissan,Murano SV,Silver,2017.0,48000.0,American,6.0,3.6,60000.0,13,3
Mercedes,C63 AMG S. 4.0turbo,Black,2015.0,40000.0,American,8.0,4.5,180000.0,26,4
Range,Evoque 2.0TC,White,2016.0,66000.0,GCC,4.0,4.2,115000.0,27,3
Mercedes,S500,Black,2014.0,43000.0,American,8.0,4.6,185000.0,26,5
Mercedes,A250 2.0T,White,2015.0,123000.0,GCC,4.0,4.4,60000.0,26,3
Honda,Civic 1.8L,White,2013.0,114000.0,GCC,4.0,4.6,27000.0,9,2
Kia,Sorento 3.3L,Black,2016.0,27000.0,GCC,6.0,4.8,80000.0,3,5
Lexus,LS460,Black,2008.0,112500.0,American,8.0,3.5,26000.0,24,1
Nissan,Altima SV,Silver,2013.0,110000.0,GCC,4.0,4.4,29000.0,13,3
Chevrolet,Captiva LTZ,White,2016.0,43100.0,GCC,6.0,4.2,53625.0,7,3
Toyota,Land Cruiser 4.6L GXR,White,2018.0,13000.0,GCC,8.0,4.6,220000.0,15,5
BMW,740,Gold,2012.0,192000.0,GCC,6.0,4.0,55000.0,25,2
Mercedes,C450 3.0L bi turbo,Blue,2016.0,53000.0,GCC,6.0,3.8,160000.0,26,4
Jaguar,XF 2.0T,Black,2014.0,118000.0,GCC,4.0,3.8,46000.0,19,2
Nissan,Qashqai,White,2008.0,98400.0,GCC,4.0,3.8,14500.0,13,1
Chevrolet,Silverado 5.3L,White,2016.0,37000.0,Canadian,8.0,4.4,93000.0,7,4
Mitsubishi,Pajero GLS 3.5L,Black,2014.0,69300.0,GCC,6.0,4.3,53000.0,6,4
Renault,Fluence 2.0L,Red,2016.0,120000.0,GCC,4.0,4.5,27600.0,2,4
Chevrolet,Cruze 1.8L. LT,Grey,2016.0,94000.0,GCC,4.0,4.2,30000.0,7,2
Ford,Expedition XLT,Green,2013.0,76000.0,GCC,8.0,4.8,51000.0,12,3
Ford,Focus,Red,2014.0,65000.0,GCC,4.0,4.1,25000.0,12,2
Ford,Escape,Silver,2015.0,14000.0,GCC,4.0,4.3,47000.0,12,3
Mazda,2,Blue,2012.0,121000.0,GCC,4.0,4.2,13000.0,5,2
Renault,Megane 2.0L,Gold,2015.0,65000.0,GCC,4.0,3.9,28000.0,2,4
Nissan,Patrol Nismo,White,2016.0,58000.0,GCC,8.0,4.6,230000.0,13,5
Mitsubishi,Pajero GLS Platinum 3.5L,Silver,2017.0,44900.0,GCC,6.0,4.7,75000.0,6,5
Lexus,RX350,Silver,2012.0,107000.0,American,6.0,3.2,50000.0,24,2
Nissan,X-Trail,Gold,2013.0,105000.0,GCC,4.0,3.8,31000.0,13,3
Cadillac,Escalade Sport.,Black,2013.0,174000.0,GCC,8.0,4.0,70000.0,23,3
Honda,Pilot EXL,Burgundy,2015.0,93800.0,GCC,6.0,4.6,68000.0,9,4
Mitsubishi,Lancer EX 1.6L,Silver,2016.0,30600.0,GCC,4.0,4.2,24000.0,6,2
Jeep,Wrangler Rubicon 3.6L,Silver,2015.0,100000.0,GCC,6.0,4.7,72000.0,21,3
Ford,Expedition Limited,Grey,2014.0,86500.0,GCC,8.0,4.3,60000.0,12,3
Jeep,Wrangler Sport,Grey,2014.0,33400.0,American,6.0,3.8,45000.0,21,3
BMW,528 2.0 T,Grey,2012.0,134000.0,GCC,6.0,4.1,42000.0,25,2
Range,Autobiography,Black,2015.0,38000.0,GCC,8.0,4.3,345000.0,27,5
Chevrolet,Camaro 2SS,Black,2011.0,124200.0,GCC,8.0,4.2,44000.0,7,3
Kia,Rio 1.4L,Silver,2012.0,160000.0,GCC,4.0,3.5,17000.0,3,2
Ford,Edge Titanium,Orange,2016.0,39000.0,GCC,6.0,5.0,95000.0,12,4
Cadillac,SRX,Black,2012.0,83000.0,GCC,6.0,4.7,45000.0,23,2
Ford,Escape 3.0L,Silver,2009.0,168000.0,GCC,6.0,3.1,11000.0,12,2
BMW,520 2.0L,Silver,2010.0,148000.0,GCC,4.0,3.5,23000.0,25,3
Maserati,Quattroporte GTS,White,2014.0,36000.0,GCC,8.0,4.7,177000.0,28,4
Toyota,Land Cruiser GXR 4.6L,White,2015.0,54000.0,GCC,8.0,3.9,155000.0,15,5
Dodge,Nitro SXT,White,2011.0,80000.0,GCC,6.0,4.6,24000.0,11,2
Renault,Duster,Silver,2015.0,11300.0,GCC,4.0,4.2,22100.0,2,3
Nissan,Micra 1.5L,White,2015.0,52000.0,GCC,4.0,4.7,19100.0,13,2
Lexus,LX570 S,Black,2014.0,128600.0,GCC,8.0,4.2,150000.0,24,4
Mitsubishi,Pajero 3.5L,White,2015.0,46000.0,GCC,6.0,4.3,59500.0,6,4
Nissan,370z,White,2011.0,101000.0,GCC,6.0,4.4,42000.0,13,3
GMC,Yukon Denali 6.2L V8,Silver,2010.0,127000.0,GCC,8.0,4.1,48000.0,18,2
Land,LR3,Gold,2009.0,162000.0,GCC,6.0,3.6,25000.0,16,2
BMW,M3,White,2012.0,149000.0,GCC,8.0,4.0,73000.0,25,3
Honda,Pilot,White,2014.0,133400.0,GCC,6.0,4.3,50500.0,9,4
Nissan,Pathfinder SV,Orange,2017.0,16600.0,American,6.0,4.2,58000.0,13,3
